bounce,category,category_l2,category_rank,company,country_rank,global_rank,organic_search,paid_search,phone,pages_per_visit,time,traffic_direct,traffic_display,traffic_mail,traffic_referrals,traffic_search,traffic_social,url,visits
27.08,Plataformas,marketplace,33,MercadoLibre,5,270,91.64,8.36,,10.57,0:09:15,37.77,0.06,5.31,16.19,36.34,4.33,mercadolibre.com.ar,90800000
44.62,Turismo,travel,22,Lan,63,4113,59.61,40.39,,4.52,0:05:41,44.2,2.27,6.86,22.76,20.83,3.08,lan.com,9800000
46.05,Turismo,travel,37,Despegar,38,4660,62.95,37.05,,5.56,0:06:23,35.3,4.15,6.46,17.25,33.38,3.46,despegar.com.ar,7800000
79.56,Entretenimientos,gaming,,Axeso 5,,,,,,1.8,0:01:36,0,0,0,0,0,0,axeso5.com,7100000
45.98,Bancos,banking,63,BANCO GALICIA,89,9556,90.42,9.58,,2.2,0:03:14,55.62,0.12,3.27,12.29,28.18,0.52,bancogalicia.com,6100000
52.74,Comunicacin,telco,870,Personal,58,6888,77.77,22.23,,5.05,0:04:09,29.65,0.26,7.97,13.18,43.33,5.6,personal.com.ar,5900000
27.15,Retail,marketplace,65,OLX,42,4880,98.73,1.27,,9.85,0:08:27,28.48,0.21,8.95,9.8,49.75,2.82,olx.com.ar,5800000
48.62,,travel,63,Aerolneas Argentinas,123,10771,69.92,30.08,0810-222-86527,4.34,0:04:56,32.35,2.7,6.34,10.11,44.66,3.85,aerolineas.com.ar,3900000
36.63,Telefona,telco,194,Claro,99,10517,86.72,13.28,,5.32,0:05:29,46.76,0.21,1.94,10.46,39.19,1.44,claro.com.ar,3600000
37.42,Retail,retail,112,Garbarino SA,96,10293,60.04,39.96,,5.13,0:04:30,5.75,4.5,25.79,13.38,44.86,5.72,garbarino.com,3600000
25.21,Retail,marketplace,92,AlaMaula,87,9299,100,0,,7.54,0:07:40,31.3,0.06,6.93,12.83,46.02,2.86,alamaula.com,3400000
65.55,Medios de comunicacin,media,2259,Diario Crnica,214,19218,100,0,,2.14,0:03:25,25.84,0,0.31,5.73,25.67,42.44,cronica.com.ar,3000000
33.59,Retail,retail,148,Fravega,136,14261,59.96,40.04,,3.83,0:03:28,19.48,4.45,5.41,11.45,48.93,10.28,fravega.com,3000000
49.96,Retail,retail,47,NETSHOES,125,13027,39.54,60.46,,5.85,0:04:36,38.02,14.67,10.7,8.65,21.41,6.55,netshoes.com.ar,2700000
47.73,Turismo,travel,133,Hoteles.com,1025,17392,57.77,42.23,,3.69,0:04:50,27.42,0.91,5.89,32.34,32.91,0.53,hoteles.com,2600000
10.61,,banking,73,Banco Credicoop,100,10891,100,0,51660045,10.03,0:06:53,47.86,0.01,5.45,17.47,27.86,1.35,bancocredicoop.coop,2600000
28.87,,marketplace,71,ZonaProp,97,10475,83.57,16.43,,12.26,0:11:22,26.14,2.73,13.11,12.66,41.69,3.67,zonaprop.com.ar,2400000
28.13,,marketplace,142,Bumeran,122,12427,100,0,,9.02,0:07:31,29.64,0.03,19.14,19.84,28.58,2.77,bumeran.com.ar,2400000
49.86,,telco,1051,Cablevisin,196,19015,99.95,0.05,,3.46,0:03:03,23.3,0.42,23.04,19.92,32.01,1.31,cablevisionfibertel.com.ar,2300000
37.68,Compras colectivas,marketplace,48,Groupon,157,15979,71.35,28.65,,5.56,0:05:36,0,1.59,58.09,7.75,26.56,6.01,groupon.com.ar,2200000
38.15,Logstica,services,108,Correo Argentino,232,21811,100,0,,3.1,0:03:45,37.42,0.04,4.92,9.74,46.85,1.03,correoargentino.com.ar,2200000
13.8,Bancos,banking,90,HSBC,126,13039,99.66,0.34,,12.05,0:08:43,35.21,0.13,9.77,21.51,31.25,2.13,hsbc.com.ar,1900000
27.75,Retail,retail,270,Dafiti,160,16503,51.27,48.73,,9.12,0:06:29,12.11,5.21,16.59,13.6,32.95,19.55,dafiti.com.ar,1700000
39.95,Retail,retail,1857,Falabella SA,216,20801,81.76,18.24,0810 555 6684,5.92,0:04:46,15.07,1.18,15.91,9.63,49.77,8.45,falabella.com.ar,1600000
28.95,,marketplace,195,ZonaJobs,183,17927,97.92,2.08,,9.9,0:07:54,20.54,0.09,22.51,27.53,23.58,5.74,zonajobs.com.ar,1500000
59.44,Turismo,retail,346,Travelport,43863,38368,99.78,0.22,,3.01,0:03:13,25.48,0.01,15.03,46.12,12.89,0.46,travelport.com,1400000
56.55,Entretenimientos,telco,761,Directv,353,32453,85.91,14.09,,2.99,0:03:21,15.22,5.54,17.64,14.37,44.62,2.61,directv.com.ar,1400000
46.26,Plataformas,enterteinment,3397,Ticketek,304,28572,98.99,1.01,,4.79,0:03:47,19.49,0.18,4.73,14.4,48.19,13.01,ticketek.com.ar,1300000
16.78,Bancos,banking,227,Banco Hipotecario,310,29798,99.93,0.07,,4.59,0:05:03,43.56,0.02,4.06,14.46,37.2,0.7,hipotecario.com.ar,1300000
51.79,Hardware & software,software,1236,Eset,2526,40056,88.94,11.06,,2.86,0:02:31,31.75,0.5,1.65,10.87,47.02,8.21,eset-la.com,1100000
28.14,Entretenimientos,enterteinment,454,Hoyts,345,32449,81.64,18.36,,5.11,0:05:09,29.12,0.38,5.33,8.99,52.69,3.49,hoyts.com.ar,1100000
45.33,Retail,retail,3237,Carrefour,409,37485,87.94,12.06,,3.92,0:02:50,27.07,0.79,2.76,8.06,57.48,3.84,carrefour.com.ar,1000000
33.28,Turismo,travel,302,Almundo.com,375,34472,53.43,46.57,,4.94,0:06:55,15.37,1.15,14.15,16.86,46.57,5.91,almundo.com.ar,1000000
27.66,,marketplace,17,Agroads,794,67526,99.82,0.18,,9.48,0:08:20,21.24,0,9.19,9.61,55.33,4.63,agroads.com.ar,978800
38.59,,marketplace,112,PedidosYa,379,35682,51.06,48.94,6841 9135,5.04,0:05:03,37,0.48,4.41,12.74,43.29,2.08,pedidosya.com.ar,960800
31.65,Retail,retail,583,Adidas,368,33712,71.37,28.63,,6.67,0:05:58,24.32,4.18,15.05,11.72,41.03,3.7,adidas.com.ar,912300
28.84,Retail,retail,1068,Natura,490,44293,96.81,3.19,,4.68,0:06:45,40.64,1.32,1.49,15.44,36.24,4.87,naturacosmeticos.com.ar,841300
27.24,Retail,telco,,Telefnica Movil SA,,,100,0,,6.57,0:05:01,0,0.02,27.48,56.19,14.59,1.72,web.telefonica.com.ar,826700
46.64,Servicios,services,73,Nosis,1003,58834,98.03,1.97,,3.21,0:02:25,18.55,0.09,0.06,7.23,73.8,0.27,nosis.com,707600
23.46,Turismo,travel,492,Central de Pasajes,557,51241,43.04,56.96,4343-4003,5.45,0:05:17,13.99,0,2.53,44.81,37.4,1.26,centraldepasajes.com.ar,617500
55.25,,marketplace,654,Nubelo,3995,65754,88.6,11.4,,3.83,0:03:48,40.48,0.03,10.66,18.46,26.85,3.51,nubelo.com,587100
64.25,Retail,retail,,Dell,,,100,0,,1.74,0:01:34,28.06,0.28,0.62,24.32,45.61,1.11,www1.la.dell.com,491800
55.53,Cosmtica y Belleza,retail,6070,Nivea,834,71292,94.15,5.85,1145530040,4.33,0:03:47,17.06,16.75,12.15,21.13,15.34,17.57,linio.com.ar,471400
25.89,Servicios Financieros,services,300,Invertir Online,677,61822,81.37,18.63,,7.99,0:15:19,48.36,0.35,8.83,27.05,13.5,1.91,invertironline.com,466600
19.2,Turismo,travel,679,PLATAFORMA 10,810,69900,91.58,8.42,50322449,4.92,0:05:15,23.29,0,3.01,20.78,52.31,0.63,plataforma10.com,454500
72.39,Telefona,retail,2044,Motorolla,1189,101771,56.51,43.49,,2,0:01:26,19.12,0.76,5.56,5.28,53.32,15.96,motorola.com.ar,446700
31.09,Turismo,travel,725,Avan Trip,845,74145,54.51,45.49,,4.87,0:05:48,12.66,2.06,18.58,28.83,34.78,3.1,avantrip.com,429200
54.63,Desarrolladores web,services,8534,Tiendanube,1423,101322,94.19,5.81,5491155647116,2.39,0:02:57,19.5,0.01,3.24,42.83,25.26,9.16,tiendanube.com,425300
56.13,,retail,268,Agrupate,1197,103715,58.6,41.4,,2.74,0:02:57,0,1.43,62.8,7.55,23.19,5.04,agrupate.com,368200
89.15,Marketing Online,services,2779,WinClap,74255,161388,100,0,,1.13,0:00:27,43.37,0,10.25,14.21,21.66,10.52,winclap.com,366600
40.37,Retail,retail,292,Sportline,902,80473,57.08,42.92,,5.64,0:05:23,25.18,0.49,14.67,13.73,44.67,1.26,sportline.com.ar,360100
50.2,Servicio Full eCommerce,banking,6974,Tarjeta Naranja,915,82110,81.26,18.74,,5.35,0:04:45,0,0.87,53.04,16.85,19.4,9.85,tiendanaranja.com,353400
46.01,Turismo,travel,475,Best Day Travel,1181,101753,32.66,67.34,0810 122 4683,3.5,0:05:02,12.92,5.59,13.97,13.14,52.96,1.43,bestday.com.ar,339500
70.43,Retail,retail,10478,CD Market,1579,125101,100,0,,2.7,0:01:47,36.05,0.04,2.79,9.04,47.19,4.91,cdmarket.com.ar,317400
45.17,Retail,retail,1058,Cetrogar,1270,108832,52.29,47.71,,3.44,0:03:56,15.69,2.94,7.23,10.82,56.49,6.83,cetrogar.com.ar,310600
33.67,Retail,retail,6623,Walmart,887,77769,73.82,26.18,,8.37,0:05:51,26.39,0.3,3.02,9.64,53.94,6.71,walmart.com.ar,307400
41.19,Turismo,travel,2321,Viajobien,3024,208220,92.87,7.13,,3.9,0:02:51,0,0.38,18.31,5.75,55.9,19.66,viajobien.com,301300
27.91,Entretenimientos,enterteinment,1367,CinemaCenter,1412,119640,100,0,,3.94,0:03:17,33.85,0,2.27,14.85,44.54,4.49,cinemacenter.com.ar,265500
38.68,Retail,retail,1210,Sony Store Online,1620,126050,79.74,20.26,(011) 6770-7669,3.65,0:03:30,8.8,0,13.79,8.63,64.02,4.76,sony.com.ar,262300
48.69,Retail,retail,1242,Philips,1720,129348,95.49,4.51,,3.72,0:03:08,12.16,0.02,0,9.19,77.65,0.99,philips.com.ar,249200
18.82,Pagos,services,4512,NPS,2034,156921,100,0,,2.34,0:03:32,2.22,0,0,97.12,0.49,0.17,nps.com.ar,240200
45.62,Compras colectivas,marketplace,347,Descuentocity,1991,150706,63.91,36.09,,2.92,0:03:18,38.86,6.73,24.46,3.35,19.99,6.61,descuentocity.com,231700
23.69,Turismo,travel,1317,Buquebus,1823,125966,76.17,23.83,,4.95,0:06:11,24.64,1.31,7.43,9.4,54.63,2.59,buquebus.com,226500
39.98,Turismo,travel,12849,Atrpalo,2032,153050,68.11,31.89,,3.11,0:04:11,22.2,1.55,6.82,16.48,52.34,0.61,atrapalo.com.ar,221200
61.39,Logstica,services,1068,Envos OCA,2254,175049,90.43,9.57,0800-999-7700,2.28,0:01:46,10.94,0.02,2.77,3.25,83.01,0,enviosoca.com,217800
68.39,Servicios Financieros,services,1320,MONI PRSTAMOS ONLINE,2287,176345,68.8,31.2,,2.4,0:02:33,5.74,0,27.45,12.75,17.4,36.65,moni.com.ar,211800
43.69,,marketplace,11932,ClickOn,1812,142531,85.04,14.96,,3.89,0:04:19,6.7,2.02,53.27,12.34,22.83,2.84,clickon.com.ar,211400
67.19,Turismo,travel,1032,BusPlus,2191,167716,57.4,42.6,0810-333-7575,2.16,0:02:06,57.4,0.05,0.83,30.04,10.72,0.97,busplus.com.ar,209800
40.46,Servicios Financieros,services,1130,Puente,1908,149048,100,0,,4.1,0:06:01,60.4,0,2.75,8.14,28.59,0.12,puentenet.com,207600
44.95,Retail,retail,1521,Megatone,2046,158249,72.97,27.03,,3.28,0:03:12,9.11,17.4,4.36,13.59,53.8,1.74,megatone.net,197700
48.46,Marketing Online,services,338,Doppler,4579,127872,97.4,2.6,,7.12,0:08:29,39.47,0.06,7.7,21.02,30.66,1.09,fromdoppler.com,196700
64.1,Logstica,services,54,Ocasa,2259,175302,100,0,,3.18,0:06:05,72.28,0,4.22,7.01,16.13,0.36,ocasa.com,195600
43.24,,software,127,Real Trends,3734,173360,89.11,10.89,,3.87,0:06:50,46.56,7.42,9.71,27.34,5.64,3.33,real-trends.com,193900
54.54,Retail,marketplace,,Agrofy,2340,176731,72.99,27.01,,3.01,0:03:21,21.4,0,8.72,12.47,48.5,8.91,agrofy.com.ar,185500
38.48,Retail,retail,2138,Mary & Joe,1639,132571,64.14,35.86,,6.58,0:05:32,0,0.97,41.22,9.37,31.75,16.69,fotter.com.ar,183600
26.06,Retail,retail,1960,Topper,1443,120291,74.15,25.85,,10.69,0:07:10,4.64,1.23,22.35,17.02,27.91,26.85,topper.com.ar,161700
32.3,Retail,retail,12761,Stock Center,1898,147012,58.47,41.53,,6.84,0:05:15,22.77,4.24,1.24,18.18,40.42,13.14,stockcenter.com.ar,160000
67.22,,marketplace,22175,Navent,8195,260585,100,0,,1.91,0:01:13,8.78,0,1.53,34.65,53.59,1.46,navent.com,158500
30.86,Retail,retail,1679,Casa del Audio,2209,172901,64.72,35.28,,4.76,0:05:28,18.11,2.19,9.81,8.52,58.1,3.27,casadelaudio.com,151900
34.66,,retail,13769,Editorial Errepar,1987,156464,99.07,0.93,,6.58,0:05:55,11.38,0,20.68,28.4,35.14,4.39,errepar.com,151300
18.39,Retail,retail,1863,MARTINA DITRENTO,1404,115007,100,0,,15.87,0:09:25,44.59,0,0.65,17.7,35.68,1.38,martinaditrento.com,149300
35.46,Retail,retail,13550,Arredo,2008,154451,79.49,20.51,,6.99,0:05:29,8.86,0.76,32.59,12.94,31.47,13.37,arredo.com.ar,148100
32.77,,media,1840,Catedral Alta Patagonia,5748,358299,100,0,+54 294 4409000,6.49,0:12:36,40.19,0,6.05,19.52,33.19,1.06,catedralaltapatagonia.com,141800
58.19,Retail,retail,21130,SommierCenter,2938,221588,57.49,42.51,,3.17,0:02:58,11.87,4.75,1.06,9.32,54.78,18.23,sommiercenter.com,139900
50.01,Plataformas,marketplace,67,Buscap,8046,181056,100,0,,4.75,0:02:47,20.34,0.03,18.55,45.07,15.28,0.73,buscapecompany.com,139100
28.83,Retail,retail,2522,Batistella,2012,156860,86.03,13.97,,7.85,0:05:22,8.95,4.3,18.12,5.34,39.84,23.46,calzadosbatistella.com.ar,136900
41.73,,banking,19842,Afluenta,2840,210778,53.8,46.2,5219 6655,3.73,0:03:46,36.82,2.96,5.95,19.42,27.64,7.21,afluenta.com,135500
36.46,Retail,retail,361,Necxus,2473,191344,99.31,0.69,,4.77,0:04:26,19.12,0.19,41.21,9.55,27.84,2.09,necxus.com.ar,135400
48.33,,software,17105,VTEX,10502,202748,100,0,,5.1,0:05:51,37.2,0,3.18,21.06,37.49,1.06,vtex.com,133800
60.33,Servicios,services,374,Gas Natural  Fenosa,3647,266098,100,0,,2.27,0:01:59,24.67,0,4.64,4.69,65.76,0.24,gasnaturalfenosa.com.ar,129800
45.06,Pagos,banking,24228,Cuenta Digital,3354,246803,100,0,,2.96,0:02:42,23.71,0,14.71,46.65,7.75,7.19,cuentadigital.com,129400
85.35,Retail,retail,26592,Carestino,4322,310199,42.26,57.74,,1.54,0:01:03,16.24,0.4,0,7.64,58.03,17.69,carestino.com,128200
36.62,Retail,retail,879,Sporting,2544,196378,65.57,34.43,,4.71,0:04:15,15.27,3.41,7.53,4.12,60.84,8.83,sporting.com.ar,125100
33.94,,software,3712,Globant,5526,246033,100,0,,4.02,0:04:16,44.27,0,4.3,22.58,25.79,3.05,globant.com,119800
57.93,,retail,2112,BidCom,2907,217918,49.42,50.58,,4.43,0:04:04,3.53,0.5,42.37,11.59,33.97,8.04,bidcom.com.ar,118800
61.28,,retail,28333,BGH,3898,280351,100,0,(54 11) 4309-2000,2.66,0:02:26,35.03,0,1.84,14.85,46.79,1.48,bgh.com.ar,118500
67.12,,retail,2095,Reebok,3360,252747,34.01,65.99,0800 222 1138,2.86,0:02:14,15.73,5.56,4.09,12.15,48.91,13.57,reebok.com.ar,117900
56.03,Retail,retail,75,Staples,2883,205981,66.19,33.81,,5.48,0:02:24,20.87,5.32,0.79,9.74,57.74,5.54,staples.com.ar,117100
26.48,Turismo,travel,2355,Colonia Express,3328,210841,94.2,5.8,4317 4100,5.21,0:04:44,24.06,0.76,12.84,9.7,50.66,1.98,coloniaexpress.com,113300
63.05,Retail,retail,27519,Whirpool Store,4396,320610,26.58,73.42,,1.88,0:01:18,22.04,53.48,3.72,6.92,10.21,3.63,whirlpoolstore.com.ar,113000
38.79,Turismo,travel,3622,Submarino Viajes,3152,239342,52.52,47.48,0810 122 0136,4.27,0:03:33,4.65,0.05,39.46,24.99,27.53,3.3,submarinoviajes.com.ar,109600
23.09,Retail,retail,2302,Sarkany,1861,142925,97.01,2.99,0800-77-74259,16.26,0:04:25,8.24,0.06,26.03,11.44,40.33,13.91,rickysarkany.com,108600
27.58,Retail,retail,14866,Mimo & Co,2298,176518,78.63,21.37,,9.01,0:04:48,0,3.28,29.33,11.97,45.22,10.21,mimo.com.ar,108600
53.82,Turismo,travel,663,TTS Viajes,3406,250643,78.27,21.73,,3.61,0:03:40,20.77,0.06,10.77,27.26,35.97,5.17,ttsviajes.com,106900
26.07,Retail,retail,3139,47 Street,2652,199449,94.19,5.81,,8.25,0:05:45,18.53,0,3.06,24.11,46.56,7.74,47street.com.ar,101400
31.63,Retail,retail,1055,Tienda River,3231,231499,73.65,26.35,,5.29,0:03:53,10.97,4.08,15.75,16.86,34.89,17.45,tiendariver.com,101200
31.08,Retail,retail,4111,Open Sports,2630,197855,95.63,4.37,,8.14,0:06:12,17.64,1.32,11.26,8.11,48.53,13.14,opensports.com.ar,98000
27.21,Retail,retail,1144,Cheeky,2920,223709,82.65,17.35,,5.79,0:04:31,0,1.26,30.06,6.83,44.42,17.43,cheeky.com.ar,98000
59.96,Pagos,retail,32111,Ripio,4756,310476,100,0,,3.09,0:03:55,51.98,0,5.69,12.53,15.58,14.21,ripio.com,96900
63.69,Logstica,services,2192,Buspack SA,4874,349660,98.57,1.43,( 011 ) 5263- 3036,2.09,0:01:56,30.94,0,0.89,10.64,56.75,0.79,buspack.com.ar,95400
35.48,Retail,retail,15860,Tonel Privado,2437,187928,50.05,49.95,,9.7,0:05:59,15.34,0,12.64,15.37,30.01,26.64,tonelprivado.com,94700
44.49,Retail,retail,20485,The Net Boutique,3270,241684,60.15,39.85,,5.16,0:04:10,3.37,0.33,18.51,19.71,28.85,29.24,thenetboutique.com,93400
36.66,,marketplace,23138,Gua Prpura,3809,271361,100,0,,4.68,0:07:37,15.88,0,0.18,10.86,69.98,3.1,guiapurpura.com.ar,87300
40.33,Retail,retail,393,La Annima,4188,304503,100,0,,3.68,0:03:11,22.98,0,9.29,6.87,58.44,2.42,laanonima.com.ar,84700
45.75,Retail,retail,30425,Las Margaritas,4115,296997,67.95,32.05,,4.1,0:04:29,6.82,0.09,15.48,6.08,64.52,7,lasmargaritas.com.ar,84100
47.8,Retail,retail,38049,TeVeCompras,9072,437214,94.98,5.02,(011) 4858 - 8096,2.63,0:03:25,9.94,0.14,7.93,18.99,62.71,0.29,tevecompras.com,82600
17.95,Retail,retail,3436,Complot,2933,219048,95.81,4.19,,9.59,0:05:01,22.12,0,13.11,9.81,37.12,17.84,complot.com.ar,82300
41.16,Investigacin de mercado,services,21478,OH!Panel,3865,224414,100,0,,9.27,0:07:33,21.08,0.27,68.54,6.3,1.64,2.17,ohpanel.com,81100
44.17,Pagos,banking,2474,Paymentez,21584,356153,100,0,,2.83,0:02:26,17.64,0,3.98,73.23,4.6,0.55,paymentez.com,79800
45.4,Turismo,travel,677,Interturis,4956,354330,70.92,29.08,,3.05,0:03:20,13.58,0.42,4.38,18.15,62.71,0.76,interturis.com.ar,75500
38.96,Retail,retail,27376,Pintureras Rex,3695,272304,92.33,7.67,,6.31,0:05:37,5.89,0.82,1.34,11.58,79.94,0.45,pintureriasrex.com,74900
43.33,Turismo,travel,8106,Viajes Tierra Sinai,30502,638741,60.43,39.57,,1.64,0:01:46,6.19,0,0,0.39,93.42,0,tierrasinai.com,72300
32.54,,marketplace,,Ubit,,,,,,5.02,0:04:22,0,0,0,0,0,0,universobit.com.ar,71600
40.84,,services,730,emBlue,9017,413833,99.5,0.5,,2.44,0:02:44,13.8,0,39.74,24.95,15.03,6.49,embluemail.com,71400
31.64,,retail,26883,Ver,3697,268521,100,0,4383-0550,7.99,0:04:17,19.21,0,7.81,11.31,53.95,7.72,ver.com.ar,69200
46.15,Retail,retail,45834,Karcher,129041,413166,100,0,,2.96,0:02:03,41.53,0,0,13.32,45.07,0.08,karcher.com,69000
50.33,,retail,36299,Temaikn Bioparque,5569,357659,68.83,31.17,(0348) 443-6900,3.89,0:03:43,8.99,0.56,0,3.37,79.97,7.11,temaiken.org.ar,67900
8.12,Retail,retail,19243,Loral,8600,506518,86.44,13.56,,5.73,0:02:20,16.15,8.28,0,19.65,54.74,1.18,maybellineargentina.com.ar,67800
74.93,Turismo,travel,5140,Ceibo Viajes,6153,419421,76.38,23.62,,2.46,0:01:29,5.43,0.14,4.6,0.84,29.47,59.52,ceibo-viajes.com,67600
56.34,Turismo,travel,5708,Iguaz Argentina,10890,462314,100,0,,2.77,0:02:58,8.27,0,0.37,8.58,82.49,0.29,iguazuargentina.com,66400
47.01,,retail,40994,TelasxMetro.com,5935,377851,76.61,23.39,1148643267,3.8,0:03:43,9.56,1.35,19.33,18.14,38.83,12.8,telasxmetro.com,65600
28.41,Servicios,services,740,ADWILL,13629,278203,100,0,,14.41,0:14:03,37.54,0,13.43,31.79,16.96,0.28,fanplayr.com,64900
53.75,,retail,32721,TodoModa,16365,528872,100,0,,1.78,0:01:36,9.83,0,0.46,4.13,81.23,4.35,todomoda.com,64100
23.27,Retail,retail,22370,Grisino,3552,262687,92.61,7.39,,9.99,0:05:37,0,0,21.7,14.4,51.37,12.53,grisino.com,62700
71.02,Retail,retail,1480,Dietrich,7495,488382,81.23,18.77,,2.13,0:01:22,5.69,0.99,2.96,5.53,83.03,1.81,onlinedietrich.com,61900
19.46,Retail,retail,4195,Muaa,4105,274859,87.89,12.11,,10.27,0:05:53,26.56,0.51,0,13.68,49.87,9.39,muaa.com.ar,61500
20.21,,retail,22530,XL Extra Large,3562,264203,100,0,,11.26,0:05:54,14.91,0,10.74,9.25,55.15,9.95,xlshop.com.ar,60200
59.62,Retail,retail,11086,DeSillas.com,6769,454358,18.95,81.05,,2.53,0:03:02,22.5,5.22,0,6.24,58.27,7.77,desillas.com,60200
39.5,Plataformas,retail,43053,Entrena Ya,5833,392676,91.19,8.81,4862-8221,4.39,0:06:54,17.31,0,12.95,4.71,61.49,3.54,entrenaya.com.ar,59100
57.22,Retail,retail,,BevyBar,6896,449951,32.79,67.21,,2.74,0:02:53,7.98,0.58,15.17,12.26,37.77,26.24,bevybar.com.ar,58500
38.61,Retail,retail,26251,BigBox,4279,306194,65.07,34.93,,8.1,0:06:50,25.34,0,14.38,14.25,42.09,3.94,bigbox.com.ar,58000
26.63,Retail,marketplace,25402,SBN Subastas,3520,256642,91.56,8.44,,12.58,0:11:56,11.42,0.09,28.2,23.67,35.38,1.24,narvaezbid.com.ar,58000
47.49,,marketplace,513,Prestigio,5189,366784,63.79,36.21,,4.76,0:04:13,12.02,4.74,0.28,6.13,75.8,1.02,prestigioweb.com,57900
51.82,,retail,10283,Mega Sports,7880,467891,86.19,13.81,11 3663-8390,3.13,0:02:36,14.26,0.15,0,3.86,80.83,0.89,megasports.com.ar,57300
27.46,Retail,retail,5010,Heyas,4642,332684,72.81,27.19,,6.85,0:04:28,20.75,2.89,8.66,21.09,30.8,15.82,heyas.com.ar,55300
34.76,Retail,retail,19959,SBS,6976,407731,92.62,7.38,,4.4,0:03:37,24.77,0.1,0.3,7.47,57.64,9.72,sbs.com.ar,54800
42.2,Retail,retail,42722,Todo Grifera,5715,390275,56.22,43.78,,4.62,0:04:00,7.91,0.58,13.29,12.52,64.16,1.54,todogriferia.com,54700
20.98,Turismo,travel,4212,Ati Viajes,4962,351080,100,0,,6.51,0:05:39,6.98,0,3.47,8.22,78.28,3.05,ativiajes.com,54000
56.73,,retail,45303,Compunera,7891,516406,32.41,67.59,,2.42,0:02:39,6.18,0,23.12,29.29,38.5,2.9,compunera.com.ar,52100
54.5,Turismo,travel,3423,Asegura tu viaje,26541,534830,98.74,1.26,5239.5,2.73,0:05:40,20.01,0.21,1,59.77,16.58,2.43,aseguratuviaje.com,52000
25.68,,retail,37315,Mundo Fix,6862,428785,72.15,27.85,,5.62,0:05:13,56.18,0,0,9.34,30.74,3.74,mundofix.com,50800
43.2,Turismo,travel,5654,Transatlntica Viajes y Turismo,6876,458693,100,0,,3.61,0:04:42,15.74,0,10.36,31.79,31.85,10.26,transatlantica.travel,50500
42.07,,retail,453,Hendel,7553,487550,68.22,31.78,0810-333-9435,3.24,0:02:58,4.82,0,7.21,8.18,79.1,0.69,hendel.com,49000
74.13,,retail,1329,Overhard Digital,10216,640953,89.94,10.06,(11) 4858-0985,1.82,0:01:45,46.02,0,0,13.28,33.35,7.36,overhard.com.ar,48800
24.28,,retail,833,Datasoft,5809,397146,100,0,(5411) 4393-3100,5.83,0:04:42,20.13,0,8.39,9.38,61.55,0.54,datasoft.com.ar,47100
23.06,Retail,retail,41499,Como quieres que te quiera,5759,381463,84.26,15.74,,7.27,0:04:01,7.12,0.15,14.09,17.57,55.17,5.91,comoquieres.com.ar,47000
47.25,Retail,retail,7005,Boca Shop,7556,479964,83.8,16.2,,3.93,0:03:39,1.91,0,20.82,17.44,27.27,32.56,bocashop.com.ar,46900
27.41,Retail,retail,21323,Deluxebuys.com,3396,251328,100,0,,20.63,0:06:32,17.7,0,33.7,15.12,31.54,1.93,deluxebuys.com,46400
31.38,Logstica,services,779,Integral Pack Express  S.A,7875,513951,100,0,,3.54,0:03:23,32.04,0,10.45,26.69,30.15,0.67,integralexpress.com,46300
48.85,Turismo,travel,6950,Tije Travel,8837,557093,97.04,2.96,,2.66,0:03:58,39.2,0,6.9,29.55,22.14,2.21,tije.travel,46000
29.47,Retail,retail,16276,Markova,6485,441585,100,0,,5.25,0:05:08,1.17,0,32.73,12.47,29.48,24.16,markova.com,45500
58.15,Compras colectivas,marketplace,1007,Gur de Ofertas,9476,605585,98.91,1.09,,2.06,0:02:16,41.83,0.13,36.48,2.66,13.32,5.57,gurudeofertas.com,45500
54.26,Retail,retail,17795,Juleriaque,7204,474372,71.16,28.84,,4.45,0:03:04,7.55,0,9.98,7.76,72.18,2.53,juleriaque.com.ar,45100
31.68,Retail,retail,5837,Yagmour,5712,393923,100,0,,6.57,0:04:34,22.52,0,13.58,9.6,45.36,8.94,yagmour.com.ar,45100
23.71,Retail,retail,6558,Viamo,6588,446792,86.36,13.64,,4.79,0:02:51,7.17,0.75,17.15,14.79,52.55,7.58,viamo.com,44700
18.38,Retail,retail,32328,Guadalupe Cid,5755,373762,100,0,,8.54,0:05:45,20.4,0,7.88,12.17,17.07,42.48,guadalupecid.com,43500
24.93,Retail,retail,1962,Kevingston,6571,423215,87.11,12.89,,6.2,0:04:14,11.04,0,34.32,10.5,43.14,1.01,kevingston.com,41800
49.52,,retail,,Colecciones La Nacin,,,5.53,94.47,,3.8,0:02:33,10.78,0,35.13,21.42,32.51,0.15,colecciones.lanacion.com.ar,41500
27.82,Retail,retail,397,Fitzrovia,6594,439580,100,0,,6.59,0:03:46,32.47,0,8.26,23.83,35.28,0.17,fitzrovia.com.ar,41100
36.91,Logstica,services,30316,Cruz del Sur,9882,608142,100,0,,2.97,0:03:01,17.81,0,2.46,9.35,70.24,0.14,cruzdelsur.com.ar,40200
28.07,,retail,6831,Kosiuko,7195,467482,100,0,011 4717-4091,5.59,0:03:37,5.57,0,4.97,18.53,60.11,10.82,kosiuko.com,40200
33.27,Pagos,banking,,Dineromail,,,100,0,,3.11,0:02:31,46.8,0,2.22,34.19,16.66,0.12,ar.dineromail.com,39900
26.16,Retail,retail,,Locademia,,,100,0,,5.28,0:03:56,13.44,0,12.56,28.33,26.83,18.85,locademia.racingclub.com.ar,38700
51.35,Servicios Financieros,banking,3931,Crediclick,10000,635772,39.49,60.51,41195800,2.68,0:04:03,27.29,1.03,5.68,5.33,51.04,9.63,crediclick.com,38100
44.02,Retail,marketplace,61437,Precios Bajos,8263,523795,90.64,9.36,,4.63,0:03:41,10.03,2.64,27.75,19.41,39.17,0.99,preciosbajos.com.ar,37800
53.44,,retail,8544,Ona Saez,9323,597493,81.28,18.72,011.5245.6733,3.84,0:02:58,13.13,0,0,17.57,58.7,10.6,onasaez.com,37400
58.43,Servicios,services,9443,CFI- Consejo Federal de Inversiones,12378,759500,100,0,,2.04,0:01:52,30.72,0,0,8.17,60.89,0.21,cfi.org.ar,37300
34.55,Retail,retail,51074,Morph,7238,450642,100,0,,7.33,0:03:56,17.52,0,1.35,15.81,51.8,13.53,morph.com.ar,36400
37.51,,retail,7788,Elepants,8378,542026,60.63,39.37,(+54) 011 - 4833 - 5749,4.52,0:05:07,31.12,0.14,6.82,11.53,36.04,14.35,elepants.com.ar,36100
54.34,Turismo,travel,3501,Club Med Argentina,9971,620046,42.71,57.29,+54(11) 4313-2006,3.2,0:02:48,7.55,6.83,10.58,12.79,58.72,3.53,clubmed.com.ar,35900
37.52,Retail,retail,71412,Novogar,9392,592516,100,0,,3.75,0:03:11,24.71,0,2.63,4.68,65.21,2.78,novogar.com.ar,35800
41.88,Telefona,retail,,Nextel,,,50.58,49.42,,3.93,0:03:03,6.42,0,0.6,54.03,38.75,0.2,tienda.nextel.com.ar,34300
48.44,,retail,,Citadium Store,8000,524052,70.13,29.87,4-765-3635,6.15,0:03:39,17.19,0,16.98,3.48,38.98,23.37,citadium.com.ar,34000
45.48,,retail,588,Winery,11451,671337,100,0,,3.25,0:02:56,12.75,0,0.52,6.31,80.42,0,winery.com.ar,32400
19.03,Retail,retail,7067,Las Oreiro,7767,484144,100,0,,8.21,0:03:49,17.35,0,0,17.06,47.57,18.02,lasoreiro.com,32300
30.68,Mtricas,services,78558,Nubimetrics,14542,639950,100,0,46007907,4.58,0:08:14,40.69,0,2.9,44.14,8.94,3.33,nubimetrics.com,32300
56.61,Compras colectivas,marketplace,1116,Descontate,11139,708361,54.07,45.93,,2.79,0:03:06,0,0,70.63,17.3,11.89,0.18,descontate.com,31800
53.76,,services,106255,Increase,13682,819960,100,0,,2.21,0:02:21,55.84,0,0.66,4.64,38.63,0.22,increasecard.com,31800
41.12,Retail,retail,13800,ClubPoint,12384,616833,100,0,,4.52,0:02:09,2.5,0,66.61,3.36,27.33,0.21,clubpoint.com,30700
43.75,Retail,retail,8266,Cardon,11715,736347,96.92,3.08,,2.92,0:02:11,0,5.14,22.86,20.77,41.14,10.09,cardon.com.ar,30100
26.77,Retail,retail,357,Rever Pass,7177,478836,79.56,20.44,,9.01,0:04:18,23.84,0,5.17,14.27,32.26,24.46,reverpass.com,29600
38.45,Retail,retail,9043,Prime Club,9830,632435,60.16,39.84,,4.69,0:04:44,0,0.18,41.61,13.42,43.7,1.09,primeclub.com.ar,29400
62.37,Retail,retail,53454,Cencosud,10247,603339,100,0,,5.85,0:03:16,0,0,60.11,6.65,33,0.24,cencosud.com.ar,28800
27.45,,banking,65536,SatoshiTango,10040,552141,85.82,14.18,,7.07,0:08:32,43.8,0.14,2.53,24.3,22.27,6.96,satoshitango.com,28800
28.37,Retail,retail,45357,Juanita Jo,7912,516988,66.23,33.77,,8.42,0:04:08,10.66,2.39,7.18,7.83,62.32,9.61,juanitajo.com,28800
29.54,,retail,68769,NEO Enciende Tu Vida,8824,574227,100,0,4815-6172,6.5,0:06:02,27.19,0,7.63,9.06,44.83,11.29,neo.com.ar,28600
40.95,Retail,retail,77655,Valkimya,9888,634049,98.26,1.74,,4.75,0:04:49,1.36,0,33.8,12.75,12.19,39.9,valkymia.com,28500
57.18,Retail,retail,88014,Taverniti,11455,703068,74.5,25.5,,4.06,0:02:19,20.83,5.98,0,2.24,64.97,5.98,taverniti.com.ar,28400
21.02,Retail,retail,8475,Wanama,9201,592752,100,0,,6.04,0:03:33,4,0,16.42,11.37,61.68,6.53,wanama.com,28100
31.97,,retail,53220,Authogar,9229,600958,100,0,0810-999-9900,6.11,0:05:45,3.25,0,7.66,2.55,80.51,6.03,authogar.com,27200
40.75,,retail,9327,Bensimon,10222,653191,80.81,19.19,11 47 17 4144,5.08,0:03:14,12.11,0,0,22.33,48.69,16.86,bensimon.com.ar,26900
60.11,Retail,retail,2285,Desli,11550,708366,100,0,,4.83,0:03:09,0,0,41.71,6.55,11.39,40.34,desli.com,26500
39.97,,retail,6262,Zelucash,13980,678639,75.06,24.94,011 41042000,5.25,0:04:37,13.07,10.55,0,3.15,32.81,40.42,zelucash.com,25600
29.35,Logstica,services,80189,Urbano,13194,830626,100,0,0810 222 8782,3.47,0:02:08,63.56,0,0.67,11.02,22.72,2.02,urbano.com.ar,25000
49.55,,retail,30026,La Leopolda,11467,730163,100,0,+54 11 4833-5973,4.01,0:02:07,4.19,0,0.66,4.64,10.16,80.35,laleopolda.com,25000
56.31,Hosting,,5432,NutHost.com,14211,835277,94.39,5.61,0810-999-4678,3.92,0:05:06,47.4,0,0.76,21.19,30.39,0.25,nuthost.com,24800
44.28,Retail,,64681,Salve Regina,11981,723941,66.54,33.46,32203605,4.66,0:04:03,16.91,0.28,0.91,11.53,44.94,25.43,salveregina.com.ar,24400
21.43,Pagos,,90434,Gire,11496,718915,100,0,,6.57,0:11:44,42.66,0,0,45.01,11.21,1.12,gire.com,24300
39.42,,,,Centralbuzios.com,13364,769408,40.67,59.33,0810-222-1211,5,0:06:40,39.92,2.38,0.57,10.48,43.72,2.94,centralbuzios.com,24000
23.63,,,37618,Castillo,12971,811465,100,0,381 4315009,4.32,0:02:58,8.98,0,1.12,2.24,87.28,0.37,castilloweb.com.ar,23200
27.03,,,10619,Pardo,11846,750363,86.18,13.82,011-4017-4140,4.56,0:03:55,7.07,0,11.7,6.92,74.31,0,pardo.com.ar,23100
47.32,Retail,,71110,Casa Pick,12685,794852,32.87,67.13,,3.92,0:02:35,0,2.99,12.79,21.51,62.7,0,casapick.com,23100
48.68,,,5372,123 Seguro,16912,979683,62.91,37.09,0800-3456-123,2.27,0:02:25,38.14,5.21,0.74,3.97,51.69,0.25,123seguro.com,22800
57.24,Retail,,1857,Bringeri,16760,1044548,,,,2.35,0:01:45,10.53,2.43,0,0.4,86.23,0.4,bringerihogar.com.ar,22600
60.37,,,108126,Ombu Shop,69517,1201645,,,,1.94,0:01:54,9.32,0,1.08,5.46,81.63,2.51,ombushop.com,22400
76.75,Retail,,166700,ArgSale,19419,1189075,,,,1.76,0:01:41,16.79,0,39.58,1.2,23.25,19.19,argsale.com,22200
36.39,,,112817,Simmons,14003,861052,100,0,011-4365-9450,3.7,0:02:47,14.29,1.78,0,16.57,67.36,0,simmons.com.ar,21500
38,Retail,,11484,Diablo Soy,14007,819021,86.89,13.11,,4.34,0:03:03,10.74,0,0.83,30.94,14.19,43.29,diablosoy.com,21200
18.02,Retail,,91542,El Burgus,11809,726097,90.07,9.93,,6.35,0:04:56,31.85,0,8.62,16.75,25.89,16.88,elburgues.com,21200
62.9,Plataformas,,188484,Elacepymes,71875,1319150,,,,1.67,0:01:04,17.37,0,1.33,4.13,77.17,0,enlacepymes.com,20800
24.37,Retail,,60984,Perozzi e Hijo,10701,683426,99.57,0.43,4258-8322,7.44,0:06:18,11.11,0,0.98,5.23,80.72,1.96,perozzi.com.ar,20700
33.59,,,3646,Ideasenfoto,11995,754788,100,0,,5.91,0:04:55,0,0,51.5,18.3,30.21,0,ideasenfoto.com,20700
25.45,Retail,,49422,Chino Mayorista,8730,560323,99.46,0.54,4951-4990,12.9,0:11:34,3.77,0,25.06,13.46,54.74,2.96,chinomayorista.com.ar,20400
37.29,,,11439,Las Pepas,13556,815903,100,0,1535870200,4.85,0:03:25,5.47,0,0,20.61,55.76,18.16,laspepas.com.ar,20400
27.48,Retail,,18349,La Parfumerie,11382,712084,100,0,,7.23,0:06:12,26.38,0,0.81,13.26,57.93,1.62,laparfumerie.com.ar,20300
34.94,,,81282,Estancias Chiripa,13313,842391,93.55,6.45,+5411 4666-4092,4.65,0:04:21,0,11.21,17.76,23.68,31.46,15.89,estanciaschiripa.com.ar,20200
53.74,,,,Universal Assistance,,,,,4323-7800,2.26,0:02:51,0,0,0,0,0,0,universal-assistance.com,20100
84.42,,,,TRAVELERSVAN.COM,24396,1472493,,,1169677662,1.31,0:00:45,0,0,29.48,49.71,10.41,10.41,travelersvan.com,20000
35.69,Retail,,64677,Soy Cuervo,11543,723917,66.13,33.87,,7.18,0:03:56,3.87,12.21,21.44,21.72,19.66,21.1,soycuervo.com,19200
23.41,eCommerce & Social media,,105779,Ecom Expert,20976,816812,57.12,42.88,,8.41,0:29:11,32.24,0,0.53,63.99,3.07,0.18,ecomexperts.com,19100
21.58,,,81522,Depot,14772,907593,91.07,8.93,,3.92,0:02:41,17.17,0,0,13.78,67.7,1.36,depot.com.ar,19100
26.94,,,,Malibu Outfitters,12579,784038,100,0,,6.18,0:05:38,34.49,0,0.76,11.7,14.51,38.54,malibuoutfitters.com.ar,19100
19.43,Retail,,73440,PieroDigital,13138,820345,61.21,38.79,,5.23,0:04:27,14.7,0.27,0.81,23.46,60.76,0,pierodigital.com.ar,18900
23.45,Retail,,168,Reef,12860,768976,82.03,17.97,,6.78,0:03:34,6.1,0.29,22.78,15.3,43.56,11.97,reef.com.ar,18600
29.04,,,76713,Simones,12596,791721,98.76,1.24,1569718288,6.72,0:05:01,40.68,0,1.16,9.86,34.42,13.89,simones.com.ar,18500
40.42,Retail,,96409,Oscar Barbieri,16190,1010225,,,,3.66,0:04:00,10.29,7.84,0,2.94,78.92,0,oscarbarbieri.com,18500
56.08,Emprendedores,,37441,Educabilia,301883,2077666,,,46007910,1.09,0:00:15,21.53,0,0,7.52,57.74,13.21,educabilia.com,18500
37.75,,,121997,Merln Data Quality,14978,919223,100,0,,7.8,0:17:31,39.7,0,16.53,37.09,6.69,0,merlindataquality.com,18300
48.02,Servicio Full eCommerce,,21174,GENWORDS,86956,1525568,,,,1.56,0:01:30,18.8,0,0,1.63,73.83,5.74,genwords.com,18100
49.08,,,25003,Espasa,17228,1061130,,,4524-9399,3.06,0:02:28,7.43,3.58,10.74,5.21,72.72,0.33,espasa.com.ar,17700
59.33,,,176910,Pymedia,21773,1249514,,,,2.08,0:02:39,12.13,0,0,0,87.55,0.32,pymedia.com.ar,17500
19.19,,,72826,Clona,12943,813656,51.25,48.75,4858-1338,6.36,0:03:53,0,0,7.09,7.73,39.76,45.42,clonashoes.com,17400
31.5,,,131597,Daytona,15701,978171,73.74,26.26,,4.48,0:04:33,35.39,0,9.42,8.28,46.91,0,daytona.com.ar,17100
16.66,Pagos,,124336,Credimas,15282,933477,100,0,,4.86,0:03:20,9.78,0,1.22,0.41,84.1,4.48,credimas.com.ar,17000
67.97,Retail,,127019,Crdoba e-shop,23450,1414547,,,Tel: (0351) 426 5978,1.94,0:01:45,18.46,5.83,0,16.94,58.77,0,cordobaeshop.com.ar,16900
58.83,,,9886,Gpsmundo.com,18080,1121854,,,0810-345-4477,3.13,0:02:02,10.66,0,0,2.46,74.18,12.7,gpsmundo.com,16700
34.38,Retail,,19338,Newsport,13610,848242,97.13,2.87,,7.01,0:05:37,9.36,0,1.17,6.24,83.23,0,newsport.com.ar,16000
29.79,,,94144,Koxis,17058,1046808,,,4613 0119,3.95,0:02:45,19.14,0,6.76,0,62.47,11.63,koxis.com,15900
83.25,Retail,,241073,Avenida,27281,1617627,,,,1.26,0:00:47,21.52,0,45.33,33.15,0,0,avenida.com,15800
51.61,,,196815,Exceda,132192,1367503,,,+54 11 5277.3923,2.04,0:01:49,40.86,0,0,25.81,32.86,0.47,exceda.com,15800
36.71,,,,Compaa del Sol,15839,989749,100,0,011 4790-8119,4.86,0:03:14,17.9,0,0,2.62,59.39,20.09,companiadelsol.com,15700
38.7,,,151716,Garden Life,18645,1101029,,,2320553000,3.79,0:02:54,12.58,0,1.11,8.29,43.78,34.25,gardenlife.me,15500
44.63,Retail,,12871,Carla Danelli,15033,936820,97.97,2.03,,5.6,0:03:06,0,0,26.39,18.28,22.26,33.07,carladanelli.com.ar,15200
20.63,Retail,,128632,Cook,15558,959797,100,0,,5.9,0:02:59,0,0,24.21,14.84,41.96,18.99,johnlcook.com.ar,15000
24.22,Retail,,262,Boating,17624,1082673,,,,4.13,0:02:34,1.48,0,34.35,17.74,38.68,7.76,boating.com.ar,15000
38.3,Retail,,17473,Airborn,22514,1333650,,,,2.75,0:02:21,25.5,0,5.19,46.41,11.66,11.25,airborn.com.ar,15000
55.5,,,21996,Mabe Argentina,77078,1321253,,,44898900,2.22,0:01:07,40.61,0,0,4.67,54.72,0,mabe.com.ar,14900
71.23,Pagos,,57824,Cobro Digital,25814,1562331,,,,1.79,0:01:37,72.64,0,11.15,15.54,0.34,0.34,cobrodigital.com,14900
59.43,,,,Fiplasto,,,56.94,43.06,5171-3000,2.27,0:00:53,0.64,0,0,50.64,48.72,0,muebles.fiplasto.com.ar,14500
82.87,Retail,,263062,Walkin Berlin,28956,1741658,,,,1.51,0:00:37,4.51,0,0,0.75,0,94.74,walkinberlin.com.ar,14200
80.99,Seguros,,8453,CompreSeguros.com,30381,1806147,,,,1.45,0:01:32,0,7.19,0,13.17,78.44,1.2,compreseguros.com,14200
32.99,,,4471,Gaelle,15614,973656,45.61,54.39,4208-9781,5.88,0:04:20,14.03,0,0,6.61,25.21,54.14,gaelle.com.ar,14100
45.62,Retail,,,Polocel,19038,1144137,,,,4.62,0:02:12,31.71,0,0,4.25,64.04,0,polo-cel.com.ar,14000
0.85,Retail,,184869,Owo,35198,2095123,,,,5.28,0:01:56,5.5,0,0,0.92,46.79,46.79,owonet.com.ar,13900
38.46,,,160056,Potiers Home,18606,1149966,,,(011) 4794-3745,4.17,0:02:58,0,0,30.04,30.47,30.47,9.01,potiershome.com.ar,13800
58.07,Retail,,6023,Farmacity,28993,1744445,,,,1.57,0:01:17,0,0,7.74,0.65,0.65,90.97,e-farmacity.com,13600
60.43,,,18198,Nico Calzados,23135,1397120,,,0800 345 6426,2.7,0:01:54,4.68,12.49,0,4.68,22.72,55.42,nicocalzados.com,13600
78.38,,,99602,Basilotta,31514,1888998,,,48321859,1.65,0:01:03,0,0,0,50,1.35,48.65,basilotta.com,13400
27.98,,,,La Martina,22136,1180175,,,,4.19,0:02:49,3.55,0,22,37.22,23.67,13.56,shop.lamartina.com.ar,13400
26.25,Retail,,141627,MyCyberCompra,16835,1039419,,,,7.68,0:10:36,44.94,0,0.98,28.1,25.98,0,micybercompra.com.ar,13200
73.21,Turismo,,23652,Assist- Card,56519,1833564,,,(011) 55552000,1.35,0:00:26,41.92,0,29.03,8.39,20.66,0,assist-card.com,13200
28.59,Retail,,,Panasonic,20940,1263048,,,,3.79,0:02:38,11.91,0,0,30.07,58.02,0,shop.panasonic.com.ar,13200
34.29,Retail,,4122,El Balcn,19923,1179991,,,,4.51,0:03:12,15.18,0,0,5.28,71.85,7.69,elbalcon.com,13000
58.21,,,5343,Vitaminasa.com,25577,1537430,,,,2.26,0:01:46,7.91,0,1.69,3.39,87.01,0,vitaminasa.com,13000
34.54,Alimentacin,,,The Food Market,15478,959689,98.49,1.51,1549393330,7.73,0:06:19,14.15,0,1.36,4.97,33.85,45.67,thefoodmarket.com.ar,12800
47.39,,,11240,Syntaxis,21492,1308104,,,0291-4563037,4.79,0:06:20,51.25,0,0,10.47,21.59,16.69,syntaxis.com.ar,12700
43.21,,,32626,Owoko,22880,1362018,,,11 4572 9471,3.48,0:01:44,2.91,0,0,9.77,67.42,19.9,owoko.com.ar,12700
82.63,Retail,,312934,Gomera Altamirano,33817,2016893,,,,1.59,0:00:55,0,2.94,0,2.94,91.18,2.94,gomeriasaltamirano.com.ar,12700
59.31,,,5458,Alquilando.com,21396,1301502,,,0800-220-2040,3.48,0:02:04,11.44,0,1.25,3.76,6.68,76.87,alquilando.com,12700
31.86,,,142861,Ansilta,17601,1047098,,,0 800 222 2185,7.02,0:06:19,16.48,0,0,7.94,75.2,0.37,ansilta.com,12600
34.66,Retail,,11770,Meroli Hogar,22988,1383179,,,,3.14,0:01:51,9.28,0,1.13,42.34,46.87,0.38,meroli.com,12400
68.58,Logstica,,,Web Pack,29650,1784318,,,,2.58,0:03:32,71.94,0,0,19.42,7.91,0.72,webpack.com.ar,12400
8.69,,,,Isadora,,,98.83,1.17,,21.69,0:08:31,0,0,16.88,2.03,31.8,49.29,ar.isadoraonline.com,12200
75.25,Retail,,295572,Mihran,32737,1921540,,,,1.93,0:01:07,3.91,0,0,0,72.61,23.48,mihran-alfombras.com,12200
25.35,Retail,,161562,Bed Time,18844,1159024,,,,5.32,0:05:33,7.23,0,0,20.78,71.99,0,bedtime.com.ar,12100
34.83,Retail,,57298,ColchonCity,25810,1544839,,,,2.91,0:02:36,64.52,0,0,14.04,21.44,0,colchoncity.com.ar,12000
48.79,,,53299,Trip Now,25087,1488751,,,5217-9777,2.64,0:01:42,22.14,0,36.48,12.16,29.22,0,tripnow.com.ar,11900
36.62,Retail,,17931,A4Sport,22534,1373150,,,3854252260,3.44,0:02:34,0,0,21.37,18.8,30.34,29.49,a4sport.com,11800
46.28,,,40628,Bazar Profesional,24762,1491108,,,(011) 6009-1589,2.96,0:02:15,22.76,0,0,10.39,63.87,2.97,bazarprofesional.com.ar,11700
49.92,Retail,,17113,Moda Pura,22020,1302133,,,,4.66,0:03:31,16.09,0,2.01,4.02,21.56,56.31,modapura.com,11500
46.09,Retail,,19420,Avellaneda Ropa,24880,1509327,,,,3.33,0:02:49,10.19,0,0,5.56,84.26,0,avellanedaropa.com,11100
30.88,Retail,,119773,Adriana Constantini,22164,1332146,,,,4.32,0:02:51,18.32,0,0,15.33,65.86,0.49,adrianacostantini.com.ar,11000
50.57,Retail,,1592,El Mundo del Juguete,33250,1562302,,,,3.39,0:03:17,5.19,0,0,0.86,84.44,9.51,elmundodeljuguete.com.ar,10900
18.27,Retail,,27905,La Cardeuse,19511,1175023,,,,6.09,0:05:09,4.47,0,1.49,22.83,71.22,0,lacardeuse.com.ar,10900
31.71,Automotriz,,31857,Autotag,21808,1331933,,,1146109600,4.73,0:03:46,6.08,0,0,3.31,90.61,0,autotag.com.ar,10700
45.31,Seguros,,,Click Seguros,27010,1573133,,,,3.32,0:01:20,0,0,19.12,30.24,50.64,0,clickseguros.com.ar,10600
37.82,Turismo,,19849,CH Travel,25866,1533477,,,,3.95,0:06:59,9.97,0,1.25,56.31,32.48,0,cht.com.ar,10600
54.63,Retail,,288865,Monumental Hogar,31850,1884784,,,,2.28,0:03:22,43.57,1.82,0,10.89,32.83,10.89,monumentalhogar.com,10500
44.58,Retail,,18688,Avellaneda Por Mayor,25848,1440478,,,,4.57,0:04:16,9.45,0,20.57,9.15,57.08,3.74,avellanedapormayor.com,10200
35.31,,,203027,Miux,23609,1402793,,,48157294,4.57,0:02:15,14.83,0,0,13.03,36.07,36.07,miux.com.ar,10100
51.5,Compras colectivas,,1864,Ofertona,26717,1592566,,,,3.33,0:02:08,0,0,57.4,8.35,34.25,0,ofertona.net,9900
26.75,Retail,,15736,Portofem,19617,1179888,,,,7.53,0:06:06,11.5,0,30.2,20.43,37.87,0,portofem.com,9900
29.43,Retail,,139449,Besha,25622,1485114,,,,4.15,0:01:58,24.68,0,13.07,7.9,50,4.36,besha.com.ar,9900
50.71,,,132750,Home Collection,25180,1480008,,,0810 345 1222,4.37,0:02:26,0,0,21.78,0.68,53.04,24.5,homecollection.com.ar,9800
46.73,Retail,,140228,Brukman Electodomsticos,25881,1565906,,,5195-7811,4.59,0:08:02,34.08,0,21.35,25.09,19.48,0,brukman.com,9800
30.02,Retail,,149296,Lombardi,28176,1671068,,,,3.27,0:04:26,7.82,0,1.81,15.66,74.71,0,lombardi.com.ar,9700
44.41,Retail,,60131,Sensei,29194,1696883,,,,3.01,0:02:50,14.43,0,0,0.69,84.19,0.69,sensei.com.ar,9700
20.97,,,178191,Nama,21212,1257623,,,4833-4000,6.68,0:03:55,0,0,0,11.24,37.88,50.88,naima.com.ar,9500
37.85,,,253007,Atentus,20114,1684143,,,,3.82,0:04:01,72.34,0,0,13.56,14.1,0,atentus.com,9500
24.6,Hardware & software,,37951,Lemon Data,29406,1760308,,,,5.17,0:08:37,48.26,0,0,51.13,0.61,0,lemondata.com.ar,9500
28.12,Retail,,55764,Rie,19993,1231176,,,,7.7,0:04:37,0,0,57.46,0,38.06,4.48,riearriba.com,9200
48.04,Turismo,,22417,Manhattan,29153,1736174,,,,3.35,0:03:03,0,0.85,27.26,0,71.89,0,manhattan.com.ar,9100
60.4,Retail,,329521,TiendaVirtual,38914,2107286,,,,1.84,0:01:36,6.62,0,0,3.82,85.74,3.82,tiendavirtual.com,9100
40.28,Entretenimientos,,7516,Photobookers,29062,1646054,,,,4.5,0:04:50,48.67,0,1.97,10.52,21.73,17.1,photobookers.com.ar,8900
51.73,,,,ProNetwork,29066,1748770,,,,4.56,0:15:02,81.94,0,4.17,12.5,1.39,0,pronetworkmarketing.com.ar,8800
62.47,Retail,,51783,Natalia Antolin,37273,2164097,,,,1.84,0:01:40,8.42,0,0,31.4,60.17,0,nantolin.com,8800
22.84,Retail,,30794,Benito Fernandez,20995,1288420,,,,7.32,0:03:04,14.09,0,0,34.23,47.65,4.03,benitofernandez.com.ar,8800
28.33,,,27866,Summa Solutions,21063,1189957,,,(5411) 4836.2596,11.9,0:15:22,77.23,0,0,15.69,6.63,0.45,summasolutions.net,8700
53.76,Retail,,187482,Alestebrand,38684,2127290,,,,1.99,0:01:43,8.16,0.71,0,11.43,78.99,0.71,alestebrand.com,8700
32.49,,,63906,Kinderland,23013,1385477,,,(+54 11) 3967-4411,6.63,0:03:27,41.54,0,0,8.16,50.3,0,kinderland.com.ar,8600
42.93,Automotriz,,,Forest Car,,,,,1145888000,3.02,0:02:13,0,0,0,0,0,0,forestcar.com.ar,8600
24.14,Retail,,18235,Felx,23112,1400330,,,,6.28,0:03:30,13.2,0,9.9,11.55,58.3,7.05,felixba.com.ar,8600
48.08,Retail,,174432,Cristobal Online,34542,1970312,,,,2.45,0:02:42,28.55,4.38,24.08,4.38,38.61,0,cristobal.com.ar,8600
75.11,Seguros,,,Omint Assistance,41663,2353012,,,,1.75,0:01:03,12.97,12.97,0,25.13,48.94,0,omintassistance.com.ar,8500
17.66,,,125316,LS2,23142,1395615,,,+54 11 5368-2357,7.12,0:05:15,34.85,0,0,20.62,43.82,0.71,ls2.com.ar,8500
35.47,Retail,,25525,Chakana Wines,30330,1726230,,,,3.93,0:02:53,6.13,0,32.67,15.23,39.64,6.32,chakanawines.com.ar,8500
28.64,Retail,,154296,Materia,19113,1116239,,,,12.54,0:05:22,8.44,0,2.11,11.26,77.49,0.7,materia.com.ar,8400
36.52,Retail,,7283,Rollpix,143801,1598467,,,,5.98,0:06:29,31.26,0,2.72,55.92,9.19,0.91,rollpix.com,8000
77.97,Retail,,418647,Jacky Idoo,48315,2589176,,,,1.86,0:01:36,25.62,0,34.75,19.81,19.81,0,jackyiddo.com,8000
21.51,,,44704,Class Life,20438,1236044,,,(+54 11) 2075 5004,10.67,0:08:16,23.22,0,2.4,20.82,40.75,12.81,class-life.com,7900
66.45,Retail,,401032,Creciendo Mega Baby Store,42625,2494580,,,,1.66,0:01:00,0.88,0,0,40.71,58.41,0,creciendo.com,7900
44.42,,,321343,Andesmar Cargas,35864,2063538,,,0810-122 4300,2.58,0:02:04,0.34,0.85,0,46.96,51.85,0,andesmarcargas.com,7900
33.4,Hardware & software,,68615,Toolkit,32852,1928500,,,,3.4,0:01:56,15.98,0,0,13.98,62.71,7.33,toolkit.com.ar,7800
34.44,Retail,,28390,LOF,33609,1911434,,,,3.11,0:03:08,25.65,0,0,7.84,66.51,0,lof.com.ar,7800
37.64,Turismo,,27179,Royal World Cruices,35505,2110600,,,,3.17,0:05:41,48.32,0,28.19,6.04,17.45,0,rwccruceros.com,7800
68.42,Marketing Online,,214758,Woow up,51202,2460705,,,,1.57,0:01:49,13.94,0,2.07,11.99,17.45,54.54,woowup.com,7800
41.35,,,305681,Murillo 666,40264,1977600,,,+54261 4244701,3.11,0:01:30,13.58,0,0,6.49,79.94,0,murillo666.com.ar,7800
19.3,,,228473,Rockabruja,25544,1546651,,,0351 -152 424075,6.83,0:07:28,10.28,0,0,22.43,47.66,19.63,rockabruja.com,7700
50.46,Plataformas,,210349,Lnea de Compras,51591,2405611,,,,2.01,0:00:59,24.23,0,0,4.14,70.69,0.94,lineadecompras.com,7600
24.66,Retail,,218494,El Dormiln,25055,1490237,,,,6.94,0:04:45,8.19,0,0,15.63,76.18,0,eldormilon.com.ar,7500
50.75,,,273745,BsAs ProAudio,29944,1801751,,,11.4671.6692,4.35,0:03:22,5.08,0,0,0.85,94.07,0,bsasproaudio.com.ar,7500
35.19,,,20004,Coovaeco Turismo,25703,1546511,,,+54 (341) 421-6524,7.16,0:07:20,37.92,0,2.53,20.22,34.27,5.06,coovaeco.com,7500
31.89,Tecnologa,,397952,Distecna,44829,2478154,,,5166-3400,1.87,0:00:29,47.94,0,0,18.69,20.71,12.66,distecna.com,7400
88.71,Retail,,,nico Club de Vinos,,,,,,1.7,0:01:01,0,0,0,0,0,0,unicoclubdevinos.com,7300
41.4,Retail,,186935,Trabuco Hogar,34317,2015082,,,,3.7,0:04:11,17.1,0,21.98,0,59.7,1.22,trabucohogar.com.ar,7300
26.36,Retail,,16262,Casa Rimoldi,34479,2052760,,,,3.39,0:02:45,20.16,0.78,0,8.53,70.54,0,casarimoldi.com.ar,7100
55.6,Retail,,28310,Kimeika,40343,2374832,,,,2.15,0:00:55,29.81,0,0,5.77,63.46,0.96,kimeika.com.ar,7100
82.25,Empleos,,110276,Red Telework,116968,3329067,,,,1.12,0:00:09,12.86,0,0,0,80.66,6.48,redtelework.com,7000
38.02,Retail,,24109,Saverio Di Ricci,33209,1958037,,,,3.72,0:01:22,3.28,4.92,0,0.82,77.85,13.13,saveriodiricci.com,7000
56.83,Turismo,,33517,Guajira Viajes,46701,2635730,,,,1.87,0:01:58,5.61,0,4.21,0,90.18,0,guajira.com.ar,7000
22.14,Retail,,17930,Gola,23585,1373040,,,,9.91,0:02:05,9.64,0,14.45,6.35,69.56,0,golasouth.com,7000
48.99,Abogados,,8667,Gonzlez Frea_ Naudin Abogados,139292,3242508,,,,1.37,0:00:23,13.3,0,0,0,86.7,0,gonzalezfrea.com.ar,6900
41.56,Retail,,528,Tenis Global,35596,1933806,,,,4.02,0:03:29,15.59,0,0,8.07,76.34,0,tenisglobal.com.ar,6900
56.3,,,300931,Delsey Pars,33434,1951568,,,49629967,4.37,0:03:29,32.16,0,0,23.41,21.01,23.41,delsey.com.ar,6900
43.65,,,12304,Allytech,38731,2119261,,,,3.05,0:04:32,42.38,0,0,14.58,43.04,0,allytech.com,6800
45.12,Retail,,,Rupless,33842,2018799,,,,3.98,0:04:55,0,0,42.86,11.22,39.8,6.12,rupless.com.ar,6800
37.83,,,,Posco,43048,2465392,,,1563689482,2.45,0:02:16,47.88,0,2.53,34.64,14.1,0.84,posco.com.ar,6800
22.22,Turismo,,30797,Turismo Sur,40931,2407789,,,,3.46,0:07:58,59.1,0,0,40.43,0.47,0,turismosur.com,6700
35.47,,,17009,Distrillantas,41961,2173749,,,011-46431430,3.42,0:02:09,14.76,4.68,0,24.55,54.84,1.17,distrillantas.com.ar,6500
30.68,Seguros,,11617,Seguro.com.ar,50946,2862936,,,0800-147-5000,2.16,0:03:21,0,0,9.55,0,90.45,0,seguro.com.ar,6500
41.48,Retail,,27573,Tops,39027,2300762,,,,2.83,0:01:26,1.27,0,0,1.27,20.25,77.22,topszapatos.com.ar,6400
72.92,,,93992,NOAF,46767,2711343,,,0341-4261552,2.44,0:01:14,16.67,0,0,0,66.67,16.67,noaflojes.com.ar,6300
77.95,Compras colectivas,,87316,Cupnica,44754,2466278,,,,2.45,0:01:34,27.09,0,0,1.04,71.87,0,cuponica.com,6300
39.06,Retail,,28087,Shenshina,42049,2352755,,,,2.87,0:01:36,7.86,0,0,29.67,62.48,0,shenshina.com,6200
32.93,,,,Tienda Lbero,26959,1625840,,,0810-888-6775,9.02,0:06:19,20,0,18.95,1.05,37.89,22.11,tiendalibero.com.ar,6100
72.73,Retail,,247608,Lucaioli,50835,2874954,,,,2.11,0:01:48,69.02,0,0,0,30.98,0,lucaioli.com.ar,6100
27.85,Retail,,,Heben Store,30188,1813680,,,,6.71,0:03:48,9.38,0,0,9.38,64.06,17.19,hebenstore.com,6100
29.47,Retail,,106801,Kansai,37590,2153278,,,,4.05,0:01:36,15.94,0,0,1.45,82.62,0,kansai.com.ar,6000
36.12,Retail,,199028,OfiShop,39726,2267347,,,,3.45,0:04:39,32.13,0,0,15.43,52.44,0,ofishop.com,5900
21.26,,,142458,Capaccioni Deportes,26348,1591265,,,(02932) 421591,10.19,0:05:43,34.34,0,0,0,54.55,11.11,capaccionideportes.com.ar,5800
38.31,Servicios Grficos,,6427,RotulArte,49580,2599839,,,(011) 4552-1185,2.47,0:03:06,0,0,0,10.41,89.59,0,rotularte.com.ar,5800
33.43,Retail,,330025,Distri Electro,35490,2110035,,,,5.26,0:04:54,37.12,4.55,0,15.91,42.42,0,distrielectro.com.ar,5600
35,,,,Viru,47934,2770082,,,+54 11 5984-2099,2.6,0:03:14,0,0,1.49,0,0,98.51,viru.com.ar,5600
48.09,Servicios Financieros,,,Moon Money Online,46805,2657286,,,(011) 5217-3142,2.64,0:01:48,58,8.7,4.35,11.56,1.45,15.95,moonmoneyonline.com,5500
55.07,Capacitacin,,8478,OM Latam,81680,2868471,,,,2.45,0:01:48,26.52,0,0,8.93,28.1,36.45,omlatam.com,5500
25.73,Retail,,216607,Deco Gallery,40640,2353700,,,,3.74,0:02:17,0,0,28.82,11.74,58.37,1.07,decogallery.com.ar,5500
27.63,Retail,,41844,Pampero,35699,1994456,,,,6.29,0:03:09,0,0,0,5.79,94.21,0,pamperousointensivo.com.ar,5500
66.84,Retail,,,DormiBene,46336,2689556,,,,3.69,0:02:33,0,0,0,0,95.45,4.55,dormibene.com.ar,5500
53.5,Pagos,,7764,Accertify,826199,2473435,,,,2.89,0:02:05,33.27,0,1.74,2.64,62.35,0,accertify.com,5500
54.98,Retail,,43445,Gastronoma Bashir,52146,2748898,,,,2.86,0:02:43,21.44,0,0,1.48,77.08,0,gastronomiabashir.com.ar,5400
61,,,,MiAdelanto,49917,2872905,,,5032-2311,2.46,0:02:00,5.26,0,0,5.26,5.26,84.21,miadelanto.com.ar,5400
71.05,Servicios y Consultora IT,,540759,Facturante,56825,3230469,,,(011) 5199-2087,1.48,0:01:27,50,7.32,0,7.32,35.37,0,facturante.com.ar,5400
20.89,,,52390,IBM,58980,2674398,,,,3.42,0:09:29,39.55,0,0,59.62,0.83,0,ibm.com.ar,5300
35.09,Retail,,9318,Loria Skate & Shop,37199,2203738,,,,5.11,0:04:25,12.24,0,0,2.04,83.67,2.04,loria.com.ar,5300
60.13,Plataformas,,,Pol Argentina,67348,2491417,,,,4.36,0:03:31,9.96,0,0,15.72,65.24,9.08,polargentina.com,5200
69.87,,,,Ship Now,68199,3785419,,,,1.39,0:00:13,15.81,0,11.86,5.15,63.24,3.95,shipnow.com.ar,5100
47.65,Medios de comunicacin,,94928,Clarn Global,51694,2745762,,,,2.83,0:02:12,15.51,0,0,50.59,33.9,0,grupoclarin.com,5100
53.44,,,150890,IntermediaSP,55262,3033576,,,54 11 50329999,1.96,0:01:38,29.17,1.01,0,23.56,46.27,0,intermediasp.com,5100
44.23,Pagos,,541658,Mango,317024,3235133,,,,1.87,0:00:52,11.58,0,0,34.75,43.53,10.14,getmango.com,5000
33.99,,,439054,Tap,66422,2697286,,,,3.41,0:01:21,5.23,0,3.93,67.15,23.69,0,tap-commerce.com,5000
40.84,,,234446,TBX Herramientas,56194,2706980,,,011-5236-0344,4.12,0:06:10,40.23,0,21.88,9.18,28.72,0,tbxherramientas.com,4900
67.88,Retail,,12650,Gatorade,55245,3148021,,,,2.44,0:01:02,21.95,0,0,63.41,14.63,0,gatorade-store.com.ar,4900
22.43,Retail,,1307,Rentacar.com.ar,53815,2939707,,,,2.69,0:01:14,29.63,0,0,1.27,69.1,0,rentacar.com.ar,4800
50.01,Logstica,,516850,Fast Track,55992,3105889,,,0810-888-3278,2.4,0:01:41,9.07,0,0,16.63,74.29,0,fasttrack.com.ar,4700
45.03,,,,ArmandoMicasa,46478,2638838,,,,3.87,0:01:54,31.33,0,0,1.49,67.18,0,armandomicasa.com.ar,4700
14.9,Retail,,28186,The Coco Room,40266,2364528,,,,5.54,0:03:39,16.39,0,3.51,45.67,34.42,0,thecocoroom.com,4700
27.04,Retail,,27853,Tienda Pato Pampa,39549,2329588,,,,5.46,0:04:50,16.47,0,3.53,60,18.82,1.18,tiendapatopampa.com,4600
24.22,Retail,,446288,Muebles 365,47228,2735788,,,,3.51,0:02:25,26.92,0,0,1.28,71.79,0,muebles365.com.ar,4600
56.15,,,501943,Praga Home,52931,3027857,,,0810-777-0377,2.54,0:04:09,14.75,0,0,0,83.61,1.64,pragahome.com.ar,4600
35.59,Retail,,,Geveco,49359,2753390,,,,3.76,0:04:20,1.62,0,0,1.62,96.76,0,dunlopneumaticos.com,4500
22.84,,,347888,Musicalisimo,37962,2207260,,,0810 888 3456,6.4,0:02:26,0,0,32.91,0,65.59,1.5,musicalisimo.com.ar,4500
22.4,,,378081,Corfam,43136,2370886,,,(011) 45820777,5.56,0:03:38,0,0,15.79,9.05,70.06,5.11,corfam.com,4500
42.13,,,61212,Tecsid,172400,3452916,,,54 (011) 4667-3800,1.79,0:00:42,0,0,0,0,80.23,19.77,tecsid.com,4500
30.48,,,604720,ICOMMKT,177296,3560088,,,+5411 5238 2000,1.97,0:01:33,27.56,0,0,36.75,35.68,0,icommkt.com,4400
60.86,,,10665,Big Data Machine,65391,3552935,,,,2.06,0:04:14,25.02,0,31.03,10.34,20.04,13.57,bigdatamachine.net,4400
36.52,Logstica,,25301,LOGIRPLA,59656,3373408,,,,2.38,0:01:41,12.63,0,18.95,67.37,1.05,0,logirpla.com.ar,4400
46.07,,,40086,QA Company,65919,3691949,,,(+ 54) 011 4813 8848,2.79,0:03:45,87.76,0,0,12.24,0,0,qa.com.ar,4400
30.72,,,,Juguetera Carrousel,38681,2219714,,,(011) 4782-3221,7.42,0:03:31,2.13,0,0,21.32,76.55,0,shop.jugueteriascarrousel.com,4400
57.81,Retail,,,Legion Extranjera,70545,3412767,,,,2.32,0:01:39,31.91,0,0,2.23,63.63,2.23,legionextranjera.com.ar,4300
55.65,,,712,Producteca,67653,2808424,,,+54 (11) 5368-0401,3.61,0:03:43,66.6,1.05,0,8.2,23.09,1.05,producteca.com,4300
26.5,,,583721,Argentina Color,69903,3451336,,,011-4523-7333,2.95,0:03:13,20.2,16.2,0,0,63.6,0,argentinacolor.com,4300
52.06,Retail,,,Tienda Nap,92788,4983767,,,,1.04,0:00:07,0,0,0,5.88,0,94.12,tiendanap.com,4300
35.79,Retail,,497997,Electro Frig,55424,3007723,,,,3.08,0:02:14,42.73,0,0,0,57.27,0,electrofrig.com.ar,4300
25.15,,,,Fashionline,43179,2524565,,,,4.62,0:01:27,0,0,86.67,1.67,1.67,10,fashionline.com.ar,4300
36.5,Retail,,13832,Jetzi,46549,2670182,,,,4.62,0:04:33,35.74,0,0,35.74,28.52,0,jetzi.com,4300
47.67,Retail,,50355,Su Promocin,54977,2970052,,,,3.86,0:02:34,4.91,0,0,0,95.09,0,supromocion.com.ar,4200
7.88,Retail,,199754,Fiorani,39053,2276099,,,,7.17,0:05:33,7.45,0,0,7.45,85.09,0,fiorani.com.ar,4200
62.35,,,271915,Mis tiles,58303,3193686,,,,3.3,0:01:55,19.59,0,0,13.04,67.37,0,misutiles.com,4200
77.21,,,,Italia Hogar,75988,4191611,,,0810 -2208090,1.6,0:01:19,5.88,0,0,0,94.12,0,italiahogar.com,4100
14.83,Retail,,15103,Delivery Cartuchos,52509,2934565,,,,3.82,0:02:39,71.66,0,0,0,28.34,0,deliverycartuchos.com.ar,4000
26.01,Retail,,520813,Pisano Pintureras,54849,3126664,,,0810 666 9999,3.26,0:01:59,18.97,0,0,1.72,79.31,0,pisano.com.ar,4000
17.97,Retail,,71432,Alpine Skate,52936,3028026,,,,3.56,0:00:52,0,0,3.33,18.33,68.33,10,alpineskate.com,3800
60.38,Tecnologa,,472483,Electro San Miguel,52328,2873822,,,,4.36,0:03:09,0,0,0,0,62.14,37.86,electrosanmiguel.com.ar,3800
25.82,Retail,,477031,Cortinera Confort,50360,2897244,,,,4.9,0:03:37,11.54,0,0,0,88.46,0,cortineriaconfort.com,3700
23.07,,,8028,Catycan,52515,2697003,,,,5.7,0:03:13,53.99,0,0,20.78,16.33,8.9,catycan.com,3700
69.09,,,605355,Zonabiz.com,64839,3563320,,,,3.55,0:02:26,74.05,0,0,0,19.22,6.73,zonabiz.com,3700
27.61,,,492012,ArgenBTC,51916,2976350,,,+54-9341-5443082,5.23,0:07:15,33.68,0,0,60,6.32,0,argenbtc.com,3700
53,,,715169,Rekket Digital Hub,125541,4127375,,,5199-3554,1.66,0:03:00,42.33,0,0,0.97,56.7,0,rekket.com,3700
15.85,Retail,,,MeCanse,40943,2408544,,,,7.84,0:04:51,36.36,0,0,13.64,47.73,2.27,mecanse.com.ar,3700
17.74,Consultoria,,421059,Abella Consultores,44723,2601974,,,01115 6679 0260,8.2,0:13:58,64.39,0,0,35.61,0,0,abellaconsultores.com.ar,3500
80.46,,,62164,Hub Travel,108225,5168714,,,(54 11) 5219-1414,1.38,0:00:46,32.53,0,0,32.53,34.94,0,hubtravel.com.ar,3500
30.07,Seguridad,,552338,Seguridad Actual,75513,3289869,,,,3.38,0:04:02,4.37,0,0,4.5,91.13,0,seguridadactual.com.ar,3500
30.09,,,,Pronotebooks,82091,4480004,,,,1.89,0:02:42,11.76,0,8.82,32.35,47.06,0,pronotebooks.com.ar,3500
22.75,Retail,,69272,Mary & Joe,51868,2908140,,,,4.85,0:02:47,2.2,0,0,0,95.61,2.2,maryjoe.com.ar,3500
26,,,521840,Motologik,57603,3132159,,,011-4964-5067,4.24,0:03:07,26.09,0,0,26.09,46.19,1.63,motologik.com,3500
32,Retail,,36019,Tienda Velez,57890,3211703,,,,4.58,0:02:42,20.3,0,0,55.05,15.95,8.7,tiendavelez.com.ar,3500
71.34,,,23732,Execuzone,99122,5273783,,,,1.27,0:00:43,5.56,0,0,5.56,88.89,0,execuzone.com,3400
68.53,,,193241,Signos,96752,4026507,,,,2.01,0:01:18,13.99,0,0,13.61,72.4,0,pcsignos.com.ar,3400
46.37,Retail,,67296,Aral Sports,51065,2856053,,,,6,0:03:35,0,0,0,62.54,35.06,2.41,aralsports.com.ar,3400
72.64,,,16437,Assist Med,114960,4747255,,,,1.26,0:00:22,4.5,0,0,1.89,93.61,0,assist-med.net,3400
34.91,Retail,,591150,DROPWEB,64903,3490132,,,114772-0882,3.57,0:01:26,20.62,0,0,30,49.38,0,dropweb.com.ar,3400
33.29,Retail,,28257,Lintime,42097,2369703,,,,9.3,0:07:36,54.42,0,6.05,22.17,17.36,0,lintime.com.ar,3400
43.26,Retail,,36932,Armatucuadro,42213,2337660,,,,10.94,0:04:18,2.51,0,0,52.72,42.26,2.51,armatucuadro.com,3400
4.79,,,,Dr. Martens,48287,2787587,,,4805-1762,6.05,0:01:30,7.55,0,5.66,7.55,39.62,39.62,ukboots.com.ar,3400
73.87,,,208209,Brandlive,103476,4379819,,,+54 (11) 5280.8400,1.44,0:00:50,2.76,0,4.37,34.3,58.58,0,brandlivecommerce.com,3400
65.98,Retail,,105061,Red Sport,82959,4438353,,,,1.43,0:01:09,10.12,0,0,0,89.88,0,red-sport.com.ar,3400
52.68,Retail,,,eCare Shop,,,100,0,,2.53,0:01:00,8.5,0,0,13.78,77.72,0,tienda.ecareshop.com.ar,3300
40.37,,,708652,Fizzmod,93246,4094569,,,+54 11 4833 4434,2.41,0:00:45,56.17,0,0,20.41,21.56,1.86,fizzmod.com,3200
17.07,,,,Devr,76468,3849722,,,(11) 4556-4200,2.61,0:04:46,0,0,0,21.9,66.16,11.94,devre.la,3200
14.41,Retail,,,Santagal,51569,2807864,,,,8.2,0:08:25,8.47,0,0,11.94,77.6,1.99,santagal.com.ar,3200
34.2,Retail,,704549,Edificor,73486,4074002,,,,2.33,0:03:58,1.96,0,0,1.96,96.08,0,edificorsrl.com.ar,3200
62.77,,,219508,Web Centrix,97132,4644902,,,,1.59,0:00:40,44.87,0,0,1.4,53.73,0,wcentrix.com,3200
25.9,,,471898,Fotos Nino,49890,2870744,,,0810 -999-6952,7.55,0:05:32,0,0,12.77,0,87.23,0,fotosnino.com,3200
32.41,,,38490,Tannery,63941,3503183,,,0341 4560800,3.61,0:01:18,0,0,0,13.04,73.91,13.04,tannery.com.ar,3100
16.17,Retail,,496650,Juarez Confort,52404,3000725,,,,6.51,0:03:40,0,0,0,2.38,97.62,0,juarezconfort.com.ar,3100
29.8,Retail,,21221,Dale Click,85862,4535802,,,,1.9,0:01:16,23.61,0,0,0,76.39,0,daleclick.com,3100
24.77,,,252564,Tienda Objetos,51169,2939575,,,011-5263-3736,6,0:06:12,18.03,0,0,1.64,80.33,0,tiendaobjetos.com.ar,3100
56.68,Retail,,716569,Quilmes Store,74977,4134480,,,,2.38,0:00:56,0,0,0,87.93,1.72,10.34,quilmesstore.com,3000
29.1,Retail,,4726,BlowPack,40661,2393025,,,,12.14,0:08:23,15.38,0,0,2.56,79.49,2.56,blowpack.com.ar,3000
22.5,Retail,,130619,Espacio Exclusivo,49407,2846539,,,,7.51,0:03:31,0,0,84.09,13.64,2.27,0,espacioexclusivo.com,3000
48.28,Marketing Online,,12395,Clickbunker,150505,4107578,,,,2.04,0:00:39,25.58,0,0,0,74.42,0,clickbunker.com,3000
5.69,Retail,,72145,G Fast,73342,4067421,,,,3.97,0:01:53,3.03,0,0,48.48,48.48,0,gfast.com,2900
68.94,Turismo,,46248,Aero,69171,3728099,,,,3.99,0:03:11,2.17,0,0,0,97.83,0,aero.tur.ar,2800
94.29,Logstica,,,Shipeala,129782,6625274,,,15-3018-2106,1.07,0:00:40,0,0,0,0,100,0,shipeala.com,2700
30.4,Turismo,,41926,ZonaTrip,67173,3343540,,,,5.88,0:05:28,65.4,0,11.35,3.78,19.47,0,zonatrip.com,2700
14.9,,,11852,Auto Nutica Sur,76957,4237360,,,,2.55,0:00:46,98.18,0,0,0,1.82,0,autonauticasur.com.ar,2600
33.83,,,,OneLab,60515,3416980,,,5491124623682,4.57,0:05:43,53.73,0,0,0,46.27,0,onelab.com.ar,2600
51.03,Retail,,268152,Vivoensale,99118,4800604,,,,2.25,0:01:12,0,0,3.77,0,96.23,0,vivoensale.com,2600
58.86,,,,Bolivia,79384,4354074,,,47731697,2.22,0:02:36,1.89,0,0,0,96.23,1.89,bolivia-divina.com,2600
37.4,,,13273,Gora Gora,80159,4217797,,,(011) 4863-7861,3.42,0:06:14,3.16,0,0,3.16,74.68,18.99,goragora.com.ar,2600
39.3,Alimentacin,,786966,Estancia San Francisco,82261,4486400,,,4697-2851/6611/4016,3.12,0:04:18,0,0,0,0,96.88,3.13,esanfrancisco.com.ar,2600
41.2,Pagos,,859274,Decidir,89893,4846769,,,,2,0:00:34,47.06,0,0,2.94,47.06,2.94,decidir.com.ar,2600
36.1,Imprenta,,5206,Daemo Insumos,111420,5050921,,,+54 11 4382-3081,1.99,0:01:25,6.2,0,0,0,93.8,0,daemoinsumos.com,2500
52.56,Retail,,466311,Ansila,97867,5215573,,,,1.83,0:00:14,2.13,0,0,0,97.87,0,ansila.com.ar,2400
25.99,Retail,,323806,SinEtiquetas.com,63659,3576304,,,,6.19,0:02:34,0,0,0,29.73,70.27,0,sinetiquetas.com,2400
33.35,,,246152,IDS Soluciones Ecommerce,99161,5275625,,,54 (11) 4961.9249,2.15,0:02:07,0,0,0,3.7,96.3,0,ids.net.ar,2400
52.92,Retail,,839493,Sky Blue,91100,4748445,,,,2.42,0:01:54,0,0,0,2.86,97.14,0,skyblue.com.ar,2400
1.72,,,39872,Punto Gamer,106523,4396211,,,011 4342-2332,2.83,0:04:09,5.51,0,0,60.61,28.37,5.51,puntogamer.com.ar,2400
64.77,,,313649,WebExperto Software,122454,5519130,,,,1.47,0:00:19,23.55,0,0,43.18,29.34,3.93,web-experto.com.ar,2300
19.59,Retail,,3477,GMP Equipamientos,88898,4161600,,,,4.43,0:03:03,0,0,0,0,96.95,3.05,gabrielmarti.com,2300
24.86,,,5854,Gepetto,81867,4467240,,,48246405,3.59,0:02:07,0,0,0,3.57,75,21.43,gepetto.com.ar,2200
56.09,,,1015457,E3 ecommerce,130419,5620169,,,,1.6,0:01:19,13.98,0,0,8.72,77.31,0,e3ecommerce.com.ar,2200
38.76,Automotriz,,777016,Romera Hnos S.A.,81156,4436578,,,0810-333-1926,3.6,0:01:40,0,0,29.73,0,70.27,0,romerahnos.com,2200
28.73,,,,NeumticosyServicios.com,103509,5034060,,,,2.25,0:00:59,0,0,16.57,0,73.54,9.89,neumaticosyservicios.com,2200
60.43,,,,Abagas,112716,5693981,,,,1.52,0:01:02,4.1,0,0,4.1,91.8,0,abagas.com.ar,2200
33.18,,,523162,Tomas Web,155873,5877098,,,11 5263-0546.,1.95,0:04:10,0,0,0,87.56,9.7,2.73,tomasweb.com.ar,2200
35.28,Retail,,989102,Abideco,110498,5490098,,,,2.41,0:01:22,0,0,4.89,29.34,65.77,0,abideco.com.ar,2100
34.84,,,481839,Pony,121782,6189723,,,4131-2602,1.5,0:02:17,0,0,0,3.7,96.3,0,shop.ponyarg.com,2100
63.03,,,17023,SemExpert,158402,5570725,,,,1.88,0:01:21,42.92,0,0,3.33,53.75,0,semexpert.com.ar,2100
34.58,Retail,,1019379,Prsico Sanitarios,107323,5639648,,,47534008 / 1552214878,2.17,0:00:26,22.22,0,0,0,77.78,0,persicosanitarios.com.ar,2100
52.24,Retail,,560831,La Dolfina,137382,6310991,,,,1.33,0:00:00,5.92,0,0,0,94.08,0,ladolfina.com,2100
26.94,Retail,,441921,Ouletronica,112686,5591644,,,,1.78,0:00:24,74.74,0,0,6.79,18.46,0,ouletronicaweb.com.ar,2100
57.39,Retail,,428411,JoyasdePlatayOro.com,124488,5387070,,,3221-5424,2.54,0:01:41,0,0,5.83,19.97,74.2,0,joyasdeplatayoro.com,2100
19.87,Retail,,,Feeme Bike Shop,88646,4360041,,,,4.29,0:04:51,40.55,0,0,4.57,27.44,27.44,feemebikeshop.com,2100
25.74,,,934739,Neticel,98021,5222657,,,,3.7,0:09:36,38.17,0,0,46.52,15.31,0,neticel.com,2100
40.36,Hardware & software,,14674,ITEC Tecnologas,139374,5885248,,,,1.79,0:02:47,0,0,0,28.99,71.01,0,tiendaitec.com,2100
6.74,Turismo,,62133,Top Trip,112881,5165409,,,,4.56,0:03:13,20.61,0,0,30.36,49.03,0,toptrip.com,2000
64.9,Retail,,141759,Nutrasalud,96819,5166355,,,,2.59,0:01:17,0,0,0,0,22.22,77.78,nutrasalud.com.ar,2000
8.81,Retail,,1690,Covedisa,95065,5088060,,,,3.06,0:02:26,4.55,0,0,0,95.45,0,covedisa.com.ar,2000
19.78,Logstica,,23959,TLA Transporte,89867,4845335,,,,3.26,0:00:16,3.7,0,0,0,96.3,0,tlatransporte.com.ar,2000
62,,,,GPS Farma,134257,6812536,,,11-4928-3622,1.16,0:00:06,3.57,0,0,92.86,3.57,0,gpsfarma.com,2000
21.26,Retail,,,Inkpronta,74168,4104476,,,,5.95,0:11:30,3.13,0,0,28.13,65.63,3.13,inkpronta.com,1900
40.07,Turismo,,131553,Aspen Hoteles,235089,9737549,,,,1,0:00:00,0,0,0,0,100,0,aspenhotels.com.ar,1900
37.35,,,60268,Ven a Green Park,108518,4991739,,,0810-555-7868,3.03,0:03:34,5.2,0,0,84.97,9.83,0,veniagreenpark.com,1900
0,,,23925,Compra-Express.com,89647,4835381,,,0353 4532733,3.94,0:01:00,57.14,0,0,39.29,3.57,0,compra-express.com,1900
69.52,,,422062,Contimedios,86799,4705289,,,236 4433783 - 4446308,5.25,0:04:08,100,0,0,0,0,0,contimedios.com.ar,1900
24.9,Retail,,432354,Likeeds,103076,5447122,,,,2.31,0:03:33,0,0,3.57,39.29,57.14,0,likeeds.com,1900
62.43,,,349455,Flimper,177427,7782395,,,,1.08,0:00:00,6.67,0,0,9.98,0,83.35,flimper.com,1800
71.05,,,19248,Digodat,601132,6253184,,,11 5239 1368,1.37,0:00:24,91.14,0,0,0,5.15,3.72,digodat.com,1800
45.06,Marketing Online,,256481,Intellignos  SA,130156,5520285,,,,2.12,0:02:01,25.5,0,0,0,42.96,31.54,intellignos.com,1800
53.76,,,1334163,Estudio12,143072,7179987,,,011-5269- 2590,1.86,0:01:05,0,0,0,0,73.33,26.67,estudio12.com.ar,1700
47.44,Marketing Online,,1054614,ClickExperts,146538,5811952,,,,2.29,0:01:16,26.78,0,0,2.41,70.81,0,clickexperts.com,1700
55,,,,Simbel,146941,7342429,,,,1.58,0:00:11,66.67,0,0,4.76,28.57,0,simbel.com.ar,1700
56.89,,,36557,Seo Posicionamiento Express,162791,6468275,,,,1.78,0:00:09,0,0,0,60.15,36.09,3.76,posicionamiento-seoexpress.com,1600
49.92,Retail,,430551,AB Distribuidora,122373,5420448,,,,3.16,0:00:58,0,0,10.3,5.15,84.55,0,abdistribuidora.com.ar,1600
80.68,,,571358,Camas Articuladas Flex,153616,7626128,,,011-153-242-5430,1.12,0:00:06,19.05,0,0,0,28.57,52.38,camasarticuladas.com.ar,1600
25.81,,,1037360,Confecat,133677,5727257,,,4240-4350,3.54,0:01:50,35.19,0,0,3.47,61.34,0,confecat.com.ar,1600
67.57,,,26130,Kactus inbound & Content Marketing,302528,8430732,,,,1.11,0:01:37,19.87,0,0,63.36,16.77,0,kactus.com.ar,1500
57.24,,,145316,Clienting/Live,143415,6709500,,,,2.29,0:00:31,6.57,0,0,21.19,72.25,0,clienting.com.ar,1500
21.56,,,,Malvinas Electroboutique,107051,5628216,,,0810.888.8989,3.72,0:07:49,52.78,0,0,47.22,0,0,malvinaselectro.com,1500
51.63,Retail,,19550,Tevelin,101580,5227091,,,,4.39,0:01:40,94.61,0,0,0,5.39,0,tevelin.com.ar,1500
15.13,Retail,,41438,Anunziatta,74337,4112346,,,,8.39,0:03:31,4.35,0,0,47.83,0,47.83,anunziatta.com,1500
54.46,,,1173412,Lyracons,236169,6396112,,,,1.96,0:03:31,5.34,0,0,33.41,61.24,0,lyracons.com,1500
87.98,Retail,,69891,Dexter,154880,7677829,,,,1.45,0:00:13,75,0,0,12.5,12.5,0,dextershops.com,1500
1.71,Imprenta,,1010142,Graficus,106313,5593739,,,0351-4667416,3.7,0:01:36,0,0,0,0,95.45,4.55,graficus.com.ar,1500
26.91,,,476764,Muebles Platinum,141919,6112032,,,261 4200909.,3.99,0:03:32,15.1,0,0,19.1,65.81,0,platinumcatamarca37.com.ar,1400
13.16,Retail,,512038,Rivera Hogar,130691,6663164,,,,2.6,0:01:39,0,0,0,0,100,0,riverahogar.com.ar,1400
11.97,Retail,,,Mercado Trajano,114372,5452169,,,,6.09,0:02:06,25.11,0,0,0,49.79,25.11,mercadotrajano.com,1400
46.8,,,,Juguetes Universales,106655,4948815,,,,6.2,0:06:29,18.06,0,0,0,81.94,0,juguetesuniversales.com,1400
44.67,Retail,,31363,Marathon Deportes,131768,6710655,,,,3.16,0:01:52,33.33,0,0,33.33,33.33,0,marathondeportes.com.ar,1300
44.23,,,1559562,Auto Special SA,169581,8276425,,,(011) 5670-4700,1.91,0:00:06,0,0,0,14.29,85.71,0,autospecial.com.ar,1300
72.78,,,204833,E-dutraining SH,135348,6859889,,,,2.5,0:06:54,19.35,0,0,35.48,45.16,0,e-dutraining.com,1300
26.18,Retail,,79465,Toys Depot,141787,6832859,,,,2.25,0:00:39,0,0,0,32.15,67.85,0,toysdepot.com.ar,1300
69.45,,,326941,NetOne,159778,7227031,,,,2.09,0:07:44,52.81,0,0,0,47.19,0,netone.com.ar,1200
6.46,Servicios,,120363,Multigol,106955,5624201,,,,5.39,0:11:54,8.33,0,0,0,91.67,0,multigol.com.ar,1200
35.42,Retail,,1143370,Moblar,121073,6248434,,,,4.34,0:04:41,0,0,0,0,100,0,moblar.com.ar,1100
42.27,,,39629,Fabr Sommiers,142756,7166063,,,(5411) 4951-7735,2.45,0:00:57,0,0,0,0,100,0,fabresommiers.com.ar,1100
81.86,Retail,,1639304,Odontotienda,443622,8662468,,,,1.18,0:01:20,56.32,0,0,0,43.68,0,odontotienda.com.ar,1100
40.37,,,1434474,Visin Empresarial Comunicacin,240025,7668903,,,,1.79,0:00:12,17.79,0,0,15.02,52.16,15.02,visionempresarial.info,1100
32.53,Retail,,203202,Jeffrey Campbell,4270513,8727782,,,,2.13,0:00:39,60.33,0,0,0,39.67,0,jcampbell.com.ar,1100
38.04,,,,Coiro,,,100,0,(+54 11) 4292-6686,1.62,0:00:19,0,0,0,0,85.71,14.29,tienda.bulonescoiro.com,1100
16.99,,,125781,Nh autopiezas,123172,5934778,,,,5.2,0:02:49,6.94,0,0,0,93.06,0,nhautopiezas.com.ar,1100
45.04,,,33619,Must Mobile,238937,10845468,,,,1.17,0:00:04,0,0,0,13.56,81.36,5.07,mustmobile.com,1000
45.46,Compras colectivas,,4642,TuQupon,169818,7645560,,,,2.48,0:00:17,0,0,83.3,0,16.7,0,tuqupon.com,1000
42.88,,,,CONNAXIS Argentina,,,100,0,,1.89,0:00:25,6.22,0,0,87.55,6.22,0,argentina.connaxis.com,1000
7.98,,,1451880,Bellavita Cultivos,156791,7754384,,,(+54 11) 4635-7627,2.67,0:02:09,0,0,0,0,50,50,bellavitacultivos.com.ar,1000
16.42,Desarrolladores web,,279541,Estilo-Web.Net,247364,11299702,,,5411 4431 0964,1.53,0:04:26,0,0,0,14.29,85.71,0,estilo-web.net,1000
42.68,Juguetera,,,BFun,118923,5853751,,,(5411) 4775-2165,5.87,0:05:21,85.76,0,0,0,14.24,0,bfun.com.ar,1000
0.42,Retail,,387480,DeFuegos,275590,4787236,,,,14.1,0:12:09,0,0,0,0,58.6,41.4,defuegos.com,1000
54.83,,,,Movr,1013698,9163140,,,5491144074853,2.07,0:01:16,56.18,0,0,17.84,0,25.98,movrbox.com,1000
72.01,Logstica,,236392,Elogstica,234532,9853571,,,,1.24,0:00:39,0,0,0,0,100,0,elogistica.com,1000
71.66,,,1292728,Cento,524664,6978123,,,03564-435444,3.56,0:01:53,0,0,0,0,100,0,cento.com.ar,994
37.42,,,,Leale Radiadores & Repuestos,175009,7890587,,,2616140057,2.28,0:02:49,0,0,6.91,0,93.09,0,lealerepuestos.net,985
40.76,,,710996,Magnaverum,190711,8057736,,,,2.49,0:00:14,0,0,0,0,100,0,magnaverum.com,982
51.51,Logstica,,217120,eTrans,216056,9205901,,,,1.88,0:03:39,0,0,0,16.34,71.71,11.95,etrans.com.ar,962
17.35,,,440614,Combinatoria SRL,225510,10087012,,,5263-2520,1.52,0:01:06,0,0,0,10.09,89.91,0,combinatoria.com.ar,948
43.13,,,210945,Wonoma,187542,8994927,,,1140856256,1.95,0:01:20,12.5,0,0,12.5,75,0,wonoma.com,900
15.07,Servicio Full eCommerce,,146040,Multiplace,132343,6734829,,,(11) 4952-1404,5.94,0:10:07,0,0,0,0,100,0,multiplace.com.ar,898
48.89,Turismo,,3635,Partiendo.com,1226870,9318511,,,,2.19,0:02:57,59.69,0,0,0,40.31,0,partiendo.com,896
98.13,Retail,,62639,Grupo Marquez,5904634,11540893,,,,1,0:00:00,0,0,0,0,100,0,grupomarquez.com.ar,878
11.54,Retail,,2066790,Punto T,232302,10740302,,,,2.76,0:00:14,100,0,0,0,0,0,puntote.com.ar,868
41.71,Retail,,94778,Motormax,181657,8756455,,,,1.98,0:01:00,75,0,0,12.5,12.5,0,motormax.la,850
66.28,,,227092,Ukelele,201569,9540541,,,4788 3843,1.5,0:01:30,27.27,0,0,0,72.73,0,ukelele.la,840
51.99,,,,Lolitos,195636,9314046,,,011 15 3283 8055,2.28,0:02:51,0,0,0,0,0,100,lolitos.com.ar,838
21.17,Retail,,1467625,Nano Partes,158647,7830678,,,,3.04,0:02:56,5.88,0,0,0,94.12,0,nanopartes.com.ar,833
23.81,Logstica,,8023,South Post,156328,7735246,,,,3.21,0:03:26,0,0,0,0,100,0,southpost.com.ar,828
70.86,,,,Ulula Information Technology,,,,,+54.11.4654.4767,1.62,0:00:21,0,0,0,0,0,0,ulula.net,823
28.63,,,,Adventures Point,182948,8807619,,,0810 888 8489,2.48,0:00:26,0,0,0,14.29,85.71,0,adventuresshop.com.ar,811
88.14,Servicios,,220875,AUTOS EN CUOTAS.COM,345791,12047264,,,0810.345.0042,1,0:00:00,0,0,0,43.32,56.68,0,autosencuotas.com,786
1.11,,,,Al Costo Calzados,117416,6091020,,,15-54659748,8.82,0:17:40,0,0,0,0,100,0,alcostocalzado.com,784
0,Retail,,102973,Rataparula,199748,9472829,,,,3.42,0:00:27,100,0,0,0,0,0,rataparula.com,760
20.19,,,4601,Tarjeta PriVip,151477,7537306,,,5253-1308,4.19,0:00:16,100,0,0,0,0,0,tarjetaprivip.com.ar,758
33.26,,,873211,Engee,300053,9954158,,,,1.67,0:00:10,0,0,0,61.63,38.37,0,engee.com.ar,739
45.75,,,,Balcony Software,289095,12770051,,,54 9 11-30465061,1.18,0:00:01,50,0,0,0,50,0,ebalcony.com.ar,733
47.36,,,190893,Consult-Ar,199159,8309430,,,,3.2,0:01:04,25.1,0,0,49.81,25.1,0,consult-ar.info,732
8.17,Retail,,,Bicampeon.com,230618,10675685,,,,2.11,0:02:45,0,0,0,50,50,0,bicampeon.com,726
19.87,Logstica,,,Welivery,144351,7233336,,,011 5218 5609,5.32,0:10:15,0,0,0,12.5,75,12.5,welivery.com.ar,723
13.43,,,1687148,Kudos Estudio,209297,8894465,,,(0351) 571-6714 / (011) 535-32010,2.9,0:04:58,13.43,0,0,13.43,73.14,0,kudosestudio.com,721
0,Retail,,1734681,Ventapel,221558,9124290,,,,2.51,0:00:47,22.03,0,0,0,77.97,0,ventapel.com,719
98.25,,,510747,EGS,329284,11894258,,,,1,0:00:00,0,0,0,37.72,62.28,0,egsolus.com.ar,706
12.27,Retail,,,Chubby Gang,209422,9847466,,,,5.48,0:00:54,0,0,0,0,100,0,chubbygang.com,693
45.67,,,266793,Orsogna V,390409,16105279,,,011-4307- 1472,1,0:00:00,0,0,0,0,100,0,orsognavinos.com.ar,684
82.11,,,2550762,Etail,299214,13123912,,,,1,0:00:00,0,0,0,85.71,14.29,0,etailargentina.com,654
0,,,,La Esquina del Futn,164829,8083632,,,,5.18,0:05:29,0,0,0,0,14.29,85.71,laesquinadelfuton.com.ar,653
2.71,,,,mundotekno.com,150271,7485526,,,+54 9 261 4549327,7.41,0:00:50,14.29,0,0,0,85.71,0,mundotekno.com,652
63.08,,,,Fork,,,,,,1.41,0:01:46,0,0,0,0,0,0,fork.com.ar,639
0,Salud,,218194,Juan Novacek S.A,168191,8218048,,,(5411) 4821-9380,10.39,0:02:14,0,0,0,0,100,0,novacekdental.com.ar,637
50.83,Retail,,353813,Espacio G,213419,10010421,,,,2.63,0:00:17,0,0,0,0,100,0,espaciogvinos.com.ar,630
86.69,Logstica,,173896,Enviado.com,301184,13187028,,,,1,0:00:00,0,0,0,0,100,0,enviado.com,624
24.22,Turismo,,128292,ADD Travel Group,268784,12035566,,,,2.1,0:04:58,100,0,0,0,0,0,addtravelgroup.com,615
71.19,Retail,,,Apuracompra.com,368359,13758751,,,,1.13,0:00:00,17.73,0,0,41.13,41.13,0,apuracompra.com,565
18.53,Retail,,878957,Digital Products,301673,13201428,,,,1.72,0:00:35,0,0,0,0,100,0,digitalproducts.com.ar,547
36.08,,,2340924,Harvey comunicacin,465798,12085150,,,,1.62,0:00:00,31.85,0,0,0,68.15,0,harveycomunicacion.com,537
0,,,366368,Sintec Tur S.A.,356696,15070395,,,5554-7000/7001,2,0:03:02,0,0,0,0,100,0,sintectur.com.ar,507
1.42,,,203767,BsAs Sur Autos,235327,10855337,,,4292-4110,3.23,0:01:18,0,0,0,0,100,0,bsassurautos.com.ar,468
95.58,Medios de comunicacin,,260476,Agea S.A,353627,14961817,,,,1.03,0:00:00,100,0,0,0,0,0,autos.clarin.com,460
60.26,Retail,,2868752,M & A Industrial / Comercial,346458,14731723,,,,1.85,0:01:42,0,0,0,100,0,0,myacomercial.com.ar,438
66.51,,,2780580,Regin Global,333475,14285203,,,,1.33,0:00:00,50,0,0,0,50,0,regionglobal.com,428
68.41,,,,IP 360 Agency,369784,15523672,,,,1.32,0:00:04,85.71,0,0,0,0,14.29,ip360.agency,428
88.19,Retail,,1027456,Al Pblico,395393,16257775,,,,1,0:00:00,0,0,0,50,50,0,alpublico.com.ar,417
8.99,Retail,,,Rosso Cuore in Casa,55091,15578327,,,,1.62,0:00:13,0,0,0,0,100,0,rossocuoreincasa.com.ar,404
0,,,,E Revolution Commerce,4842409,12309358,,,(+54 9 11) 3280 4943,3.31,0:02:26,56.18,0,0,0,43.82,0,erevolutioncommerce.com.ar,403
100,,,99326,Fernanda Bevilacqua,385568,15956739,,,011-48030896,1,0:00:00,0,0,0,50,0,50,fernandabevilacqua.com.ar,402
100,,,,Quo Marketing,386823,16007345,,,,1,0:00:00,100,0,0,0,0,0,quomarketing.com.ar,400
82.84,,,62920,Andrea Bo,376430,15730107,,,(011) 4787 5048,1.29,0:00:00,0,0,0,0,50,50,andreabo.com.ar,399
49.85,Retail,,14839,MacTools,321438,11097761,,,,4.01,0:01:36,0,0,0,0,100,0,mac-tools.com.ar,393
0,Retail,,290996,Chicha y Limonada,284232,12597029,,,,3,0:07:50,0,0,0,100,0,0,chichaylimonada.com,360
0,,,,Speed Rider,200217,9490939,,,+54 11 2045-1231,8.57,0:26:48,0,0,0,0,100,0,speedrider.com.ar,354
60.39,,,186416,Librera Hammurabi,604410,21962748,,,(54-11) 4382-3586,1,0:00:00,0,0,0,0,0,100,hammurabi.com.ar,354
0,,,,Landmark,702898,12200063,,,4813-6144,3.88,0:04:13,0,0,0,0,100,0,landmark.com.ar,336
28.59,Retail,,5524589,Grupo Ikono,143972,30450208,,,0115218-4560,1,0:00:00,0,0,0,0,100,0,grupoikono.com,322
50,,,,LeTomoSuPedido,1395368,17019580,,,,1.24,0:00:21,0,0,0,76.27,23.73,0,letomosupedido.com,320
100,,,60085,Edrans,467679,18504713,,,,1,0:00:00,100,0,0,0,0,0,edrans.com,302
0,Logstica,,,Not Lazy,338965,15406063,,,,2.51,0:00:44,49.02,0,0,0,50.98,0,notlazy.com.ar,271
100,,,3930367,inCommerce,294591,20433204,,,,1,0:00:00,0,0,0,90,0,10,icmlatam.com,271
100,,,,ITBN,522278,19743967,,,54-11-4776-6086,1,0:00:00,50,0,0,0,50,0,itbnsa.com,266
0.96,,,,Jooks,524270,19781609,,,1537724318,1.85,0:01:39,0,0,0,100,0,0,jooks.com.ar,210
100,Pagos,,4230219,DEBITA,615835,22181303,,,,1,0:00:00,0,0,0,0,0,100,debita.com,209
0,Marketing Online,,775136,Tas Digital,362788,18839458,,,,2,0:00:01,0,0,0,0,100,0,tasdigital.com,205
100,Entretenimientos,,4270255,Eventdoo,633220,22409339,,,,1,0:00:00,0,0,0,100,0,0,eventdoo.com,205
81.76,Compras colectivas,,,Letsbonus,,,,,,1,0:00:00,100,0,0,0,0,0,ar.letsbonus.com,203
0,Retail,,126179,T&S Home,292405,12886301,,,(011) 5263-0769,9,0:13:32,0,0,0,0,100,0,tshome.com.ar,199
100,,,83936,SYT,836720,23057276,,,,1,0:00:00,100,0,0,0,0,0,syt.net,194
100,,,4514534,Elyptics,690217,23870105,,,+54 (11) 2003-5936,1,0:00:00,0,0,0,0,100,0,elyptics.com,179
100,Abogados,,4540749,Seal,534688,24036102,,,,1,0:00:00,0,0,0,0,100,0,marcasypatentes.com,176
100,Turismo,,213846,Lip Travel,702460,24075560,,,,1,0:00:00,0,0,0,100,0,0,liptravel.com,175
0,,,3981552,Sayen Iluminacin,549296,20718228,,,011 3968 8480,2,0:03:24,100,0,0,0,0,0,sayen.com.ar,169
100,Comunicacin,,514728,Parla Comunicaciones,411887,25039317,,,,1,0:00:00,100,0,0,0,0,0,parlacomunicaciones.com.ar,160
14.36,,,650243,VirtuaCom,396650,15539125,,,,6.99,0:02:35,0,0,0,0,14.36,85.64,virtuacom.net,159
100,Retail,,1413396,Meroarte,748215,25269692,,,,1,0:00:00,100,0,0,0,0,0,meroarte.com,157
98.3,Retail,,141610,Gorsh,766502,25582681,,,,1,0:00:00,0,0,0,0,0,100,gorsh.com,156
0,Marketing Online,,67354,Dos monos S.A,602107,21887784,,,,2,0:00:01,100,0,0,0,0,0,dosmonos.com,152
0,Retail,,889,Clefer.W.Ferrari,366198,15388458,,,,8.63,0:01:02,0,0,0,100,0,0,cleferwferrari.com,150
0,,,,Dame2,532331,20078401,,,,3,0:12:45,100,0,0,0,0,0,dame2.com.ar,148
100,Consultoria,,5436884,Brainsted,2297998,29842221,,,,1,0:00:00,0,0,0,0,0,100,brainsted.com,97
0,Retail,,1810335,Centro Comercial Pacman,493293,27029446,,,02954-387200,2,0:00:11,0,0,0,0,100,0,holapacman.com.ar,96
0,Logstica,,1392719,Boxeway,132017,24746616,,,,3,0:01:19,100,0,0,0,0,0,boxeway.com,94
0,eCommerce & Social media,,,Formato Diseo,,,,,,0,0:00:00,0,0,0,0,0,0,formatodiseno.com.ar,0
0,,,,Brandolutions,,,,,,0,0:00:00,0,0,0,0,0,0,brandolutions.com,0
0,Turismo,,,Austral Assistance,,,,,,0,0:00:00,0,0,0,0,0,0,australassistance.com,0
0,Turismo,,,Egresados.com,,,,,,0,0:00:00,0,0,0,0,0,0,egresados.com,0
0,Marketing Online,,,Pragmativa,,,,,,0,0:00:00,0,0,0,0,0,0,pragmativa.com,0
0,,,,Klyver & Asociados,,,,,,0,0:00:00,0,0,0,0,0,0,klyveryasociados.com.ar,0
0,,,,Alekart,,,,,,0,0:00:00,0,0,0,0,0,0,alekart.com.ar,0
0,,,,Meln Comunicaciones,,,,,,0,0:00:00,0,0,0,0,0,0,meloncomunicaciones.com.ar,0
0,,,,Sibari,,,,,0341-4855840,0,0:00:00,0,0,0,0,0,0,sibari-style.com.ar,0
0,Turismo,,,VON TRIP,,,,,,0,0:00:00,0,0,0,0,0,0,vontrip.com,0
0,Capacitacin,,,Avanzando Derecho,,,,,,0,0:00:00,0,0,0,0,0,0,avanzandoderecho.com.ar,0
0,Marketing Online,,,Jamaica Inc,,,,,,0,0:00:00,0,0,0,0,0,0,jamaicainc.com.ar,0
0,,,,Triptongo,,,,,,0,0:00:00,0,0,0,0,0,0,triptongo.com.ar,0
0,Entretenimientos,,,Arcano,,,,,,0,0:00:00,0,0,0,0,0,0,arcanoonline.com,0
0,,,,Barkay,,,,,48072094,0,0:00:00,0,0,0,0,0,0,bar-kay.com,0
0,,,,Moyobi,,,,,+54 11 4822 7139,0,0:00:00,0,0,0,0,0,0,moyobi.com,0
0,Comunicacin,,,SocialEyez,,,,,5238-7707,0,0:00:00,0,0,0,0,0,0,socialeyezla.com,0
0,Retail,,,Vagon,,,,,011-3530-4447,0,0:00:00,0,0,0,0,0,0,vagon.com.ar,0
0,,,,Austral Commerce,,,,,,0,0:00:00,0,0,0,0,0,0,australcommerce.com.ar,0
0,,,,Crea Interactivo,,,,,,0,0:00:00,0,0,0,0,0,0,creainteractivo.com,0
0,Retail,,,Kostume,,,,,,0,0:00:00,0,0,0,0,0,0,eshop.kostumeweb.net,0
0,Servicio Full eCommerce,,,Pow,,,,,,0,0:00:00,0,0,0,0,0,0,holapow.com,0
0,,,,To Be Revenue,,,,,1165073481,0,0:00:00,0,0,0,0,0,0,toberevenue.com,0
0,Abogados,,,Phoebus,,,,,,0,0:00:00,0,0,0,0,0,0,phoebusabogados.com.ar,0
0,Consultoria,,,Raberil Trading,,,,,,0,0:00:00,0,0,0,0,0,0,raberiltrading.com,0
0,,,,Fazio,,,,,4779-9030,0,0:00:00,0,0,0,0,0,0,grupofazio.com,0
0,Emprendedores,,,Jose Abella,,,,,,0,0:00:00,0,0,0,0,0,0,joseabella.es,0
0,Retail,,,Rapsodia,,,,,,0,0:00:00,0,0,0,0,0,0,rapsodiastore.com.ar,0
0,,,,Agencia Brandi,,,,,,0,0:00:00,0,0,0,0,0,0,agenciabrandi.com,0
0,,,,eCloud Solutions,,,,,,0,0:00:00,0,0,0,0,0,0,ecloudsolutions.com,0
0,Retail,,,Avalancha,,,,,,0,0:00:00,0,0,0,0,0,0,avalancha.com,0
0,Retail,,,Electro Puntonet SA,,,,,,0,0:00:00,0,0,0,0,0,0,electropuntonet.com.ar,0
0,Abogados,,,"SANCHEZ, LUPI & ASOCIADOS",,,,,,0,0:00:00,0,0,0,0,0,0,sanchezlupi.com,0
0,,,,PhoneCity Electronics,,,,,011-4779-9012 / 9016,0,0:00:00,0,0,0,0,0,0,phonecitymdq.com.ar,0
0,Desarrolladores web,,,Generatica,,,,,Tel: +54 (11) 4811-7205,0,0:00:00,0,0,0,0,0,0,generatica.com,0
0,Servicios Financieros,,,Martinez Cataldi y Asoc.,,,,,,0,0:00:00,0,0,0,0,0,0,mcmc.com.ar,0
0,,,,Ilunor,,,,,47162036,0,0:00:00,0,0,0,0,0,0,ilunor.com.ar,0
0,Desarrolladores web,,,Zilber Group,,,,,,0,0:00:00,0,0,0,0,0,0,zilber.com.ar,0
0,Retail,,,Caro Cuore,,,,,,0,0:00:00,0,0,0,0,0,0,carocuore.com.ar,0
0,Pagos,,,ClicPago,,,,,011 47750097,0,0:00:00,0,0,0,0,0,0,clicpago.com,0
0,Capacitacin,,,English Medianet,,,,,,0,0:00:00,0,0,0,0,0,0,englishmedianet.com,0
0,Retail,,,Le Loup,,,,,,0,0:00:00,0,0,0,0,0,0,shop.leloup.com.ar,0
0,Retail,,,NG Distribucin,,,,,,0,0:00:00,0,0,0,0,0,0,ngdistribucion.com.ar,0
0,Plataformas,,,Tween SA,,,,,,0,0:00:00,0,0,0,0,0,0,tween.com.ar,0
0,Logstica,,,Sell2Ship,,,,,,0,0:00:00,0,0,0,0,0,0,sell2ship.com,0
0,,,,Digital Domino,,,,,(11)51450546,0,0:00:00,0,0,0,0,0,0,digitaldomino.net,0
0,Turismo,,,Exodo Travel,,,,,,0,0:00:00,0,0,0,0,0,0,exodotravel.com,0
0,,,,Grupo Netcom,,,,,,0,0:00:00,0,0,0,0,0,0,grupo-netcom.com,0
0,,,,Flower Store,,,,,15-6023- 0368,0,0:00:00,0,0,0,0,0,0,flowerstore.com.ar,0
0,Retail,,,Abrafer,,,,,,0,0:00:00,0,0,0,0,0,0,abrafersrl.com.ar,0
0,Retail,,,Paez,,,,,,0,0:00:00,0,0,0,0,0,0,laspaez.com.ar,0
0,,,,COMDI,,,,,,0,0:00:00,0,0,0,0,0,0,comdi.com.ar,0
0,,,,Alma Comunicacin Creativa,,,,,,0,0:00:00,0,0,0,0,0,0,miramistrabajos.com,0
0,Retail,,,Delta Fresh,,,,,,0,0:00:00,0,0,0,0,0,0,deltafresh.com.ar,0
0,,,,Haya Paz,,,,,02281-15- 551798,0,0:00:00,0,0,0,0,0,0,tienda.hayapaz.com.ar,0
0,Retail,,,Lazaro,,,,,,0,0:00:00,0,0,0,0,0,0,lazaroeshop.com.ar,0
0,,,,Simonetta MKT,,,,,,0,0:00:00,0,0,0,0,0,0,simonettamkt.com.ar,0
,,,,Develar Group,,,,,,,,,,,,,,develargroup.com.ar,
,Retail,,,IP Tickets,,,,,,,,,,,,,,ipticket.net,
,Retail,,,xuangi,,,,,,,,,,,,,,xuangi.com,
,Retail,,,LOYALTY STORE,,,,,,,,,,,,,,loyaltystore.com.ar,
,Emprendedores,,,Canal Ingles,,,,,,,,,,,,,,canalingles.net,
,Servicios Financieros,,,Cordial,,,,,,,,,,,,,,cordialservicios.com,
,Turismo,,,Manos Libres Turismo,,,,,,,,,,,,,,manoslibresturismo.com.ar,
,Pagos,,,Colppy,,,,,,,,,,,,,,http.,
,Turismo,,,Bongiorno Travel,,,,,,,,,,,,,,bongiornotravel.com,
,,,,Electra Store,,,,,+54 11 4129-4600,,,,,,,,,electrastore.com.ar,
,Marketing Online,,,Tripolis,,,,,4711 8958.,,,,,,,,,tripolis.com.ar,
,Retail,,,Rosen,,,,,,,,,,,,,,rosen.com.ar,
,,,,Grupo Andreani,,,,,,,,,,,,,,andreani.com.ar,
,Entretenimientos,,,Weegoo,,,,,,,,,,,,,,weegoo.com.ar,
,Retail,,,Chakna,,,,,,,,,,,,,,chakna.com,
,Retail,,,Naldo,,,,,,,,,,,,,,naldolombardi.com.ar,
,Abogados,,,Cilegal,,,,,,,,,,,,,,cilegal-ar.com,
,Retail,,,Magneto,,,,,,,,,,,,,,magnetoregalos.com,
,,,,Gruppo Serenellini,,,,,,,,,,,,,,grupposerenellini.com,
,Marketing Online,,,Aristei & Asoc.,,,,,,,,,,,,,,aristei.com.ar,
,Emprendedores,,,Mariano Goren,,,,,[+5411] 53-53-98-96,,,,,,,,,negociosdigitales.cc,
,Consultoria,,,Lmino Consultores de Negocios,,,,,,,,,,,,,,luminoconsultores.com,
,Retail,,,Corre Lola,,,,,,,,,,,,,,shop.correlola.com.ar,
,Clasificados,,,Pginas Amarillas,,,,,5411-4348-8000,,,,,,,,,yellargentina.com.ar,
,Retail,,,They & They,,,,,,,,,,,,,,theyandthey.com,
,Plataformas,,,Dridco,,,,,,,,,,,,,,dridco.com,
,,,,ITD,,,,,,,,,,,,,,itdargentina.com,
,,,,Latin Web Group,,,,,,,,,,,,,,latinwebgroup.com,
,Consultoria,,,Itelintec,,,,,,,,,,,,,,intelintec.com,
,Retail,,,Eglam,,,,,,,,,,,,,,eglamlatam.com,
,Servicios,,,Target,,,,,,,,,,,,,,targetsl.com.ar,
,Logstica,,,LionXpress,,,,,,,,,,,,,,lionxpress.com.ar,
,Retail,,,Stone,,,,,,,,,,,,,,stone-jeans.com,
,Seguros,,,Gestin y Servicios,,,,,,,,,,,,,,gyssrl.com,
,,,,SPSS,,,,,,,,,,,,,,spss.com.ar,
,,,,Blumimax,,,,,114439.79,,,,,,,,,blumimax.com,
,,,,Chenque Anuncios,,,,,,,,,,,,,,chenqueanuncios.com,
,Marketing Online,,,Punto Rojo Marketing,,,,,4772-9455,,,,,,,,,puntorojomarketing.com,
,Seguros,,,Seguros en Directo,,,,,,,,,,,,,,segurosendirecto.com.ar,
,Marketing Online,,,Planes Marketing Digital,,,,,,,,,,,,,,planesdigital.com.ar,
,Retail,,,Blaqu,,,,,,,,,,,,,,http:blaque.com.ar,
,Retail,,,Digital Sport,,,,,0341-4267826,,,,,,,,,digital-sport.com.ar,
,,,,Iurco,,,,,(+5411) 5263-2011,,,,,,,,,iurco.com,
,Consultoria,,,E-bit,,,,,,,,,,,,,,ebit.com.ar,
,Hardware & software,,,QSC Soluciones,,,,,,,,,,,,,,http:qscweb.com.ar,
,Servicio Full eCommerce,,,Emporio Commerce,,,,,5263-2783,,,,,,,,,emporiocommerce.com.ar,
,Retail,,,Repuestos Network,,,,,,,,,,,,,,ventasnetwork.com.ar,
,Consultoria,,,Consulta Group,,,,,,,,,,,,,,consultagroup.com,